year,month,day,DOY,ndsi_median,ndsi_mad,snow_fraction,tp,skt,sd
2018,2,8,39,0.6855771,0.062094837,0.9948371108472301,2.3841858e-05,260.61765,0.19487953
2018,2,8,39,0.6855771,0.062094837,0.9948371108472301,2.3841858e-05,260.50436,0.17337322
2018,2,8,39,0.6855771,0.062094837,0.9948371108472301,2.2411346e-05,260.61765,0.19487953
2018,2,8,39,0.6855771,0.062094837,0.9948371108472301,2.2411346e-05,260.50436,0.17337322
2018,2,10,41,0.362368,0.03499733,0.029110936270653028,2.336502e-05,269.41306,0.19951057
2018,2,10,41,0.362368,0.03499733,0.029110936270653028,2.336502e-05,269.0615,0.17745686
2018,2,10,41,0.362368,0.03499733,0.029110936270653028,1.9550323e-05,269.41306,0.19951057
2018,2,10,41,0.362368,0.03499733,0.029110936270653028,1.9550323e-05,269.0615,0.17745686
2018,2,13,44,0.41046596,0.007638961,0.1284722222222222,1.4305115e-05,269.0083,0.20643711
2018,2,13,44,0.41046596,0.007638961,0.1284722222222222,1.4305115e-05,269.05518,0.18405437
2018,2,13,44,0.41046596,0.007638961,0.1284722222222222,1.7166138e-05,269.0083,0.20643711
2018,2,13,44,0.41046596,0.007638961,0.1284722222222222,1.7166138e-05,269.05518,0.18405437
2018,2,18,49,0.61272144,0.028144121,0.9790599434207509,8.583069e-06,262.71558,0.22412968
2018,2,18,49,0.61272144,0.028144121,0.9790599434207509,8.583069e-06,262.6316,0.2001934
2018,2,18,49,0.61272144,0.028144121,0.9790599434207509,1.335144e-05,262.71558,0.22412968
2018,2,18,49,0.61272144,0.028144121,0.9790599434207509,1.335144e-05,262.6316,0.2001934
2018,2,21,52,0.725518,0.04943359,0.9469082421366802,4.7683716e-07,259.03287,0.22533894
2018,2,21,52,0.725518,0.04943359,0.9469082421366802,4.7683716e-07,259.25357,0.2000351
2018,2,21,52,0.725518,0.04943359,0.9469082421366802,4.7683716e-07,259.03287,0.22533894
2018,2,21,52,0.725518,0.04943359,0.9469082421366802,4.7683716e-07,259.25357,0.2000351
2018,2,23,54,0.6584447,0.04935828,0.9140942167751819,4.7683716e-07,258.36267,0.22392654
2018,2,23,54,0.6584447,0.04935828,0.9140942167751819,4.7683716e-07,258.5326,0.19862938
2018,2,23,54,0.6584447,0.04935828,0.9140942167751819,4.7683716e-07,258.36267,0.22392654
2018,2,23,54,0.6584447,0.04935828,0.9140942167751819,4.7683716e-07,258.5326,0.19862938
2018,2,25,56,0.6605897,0.075074136,0.9933335768556399,0.0,262.0818,0.22711754
2018,2,25,56,0.6605897,0.075074136,0.9933335768556399,0.0,262.52124,0.20135784
2018,2,25,56,0.6605897,0.075074136,0.9933335768556399,0.0,262.0818,0.22711754
2018,2,25,56,0.6605897,0.075074136,0.9933335768556399,0.0,262.52124,0.20135784
2018,3,5,64,0.8213295,0.037278175,1.0,1.4305115e-06,261.76575,0.23917675
2018,3,5,64,0.8213295,0.037278175,1.0,1.4305115e-06,261.84583,0.2104969
2018,3,5,64,0.8213295,0.037278175,1.0,1.4305115e-06,261.76575,0.23917675
2018,3,5,64,0.8213295,0.037278175,1.0,1.4305115e-06,261.84583,0.2104969
2018,3,8,67,0.61753595,0.016213715,1.0,8.392334e-05,263.74548,0.24072838
2018,3,8,67,0.61753595,0.016213715,1.0,8.392334e-05,263.90173,0.21175766
2018,3,8,67,0.61753595,0.016213715,1.0,8.392334e-05,263.74548,0.24072838
2018,3,8,67,0.61753595,0.016213715,1.0,8.392334e-05,263.90173,0.21175766
2018,3,15,74,0.73413813,0.07994574,0.9620607215963248,0.0,265.21222,0.26653767
2018,3,15,74,0.73413813,0.07994574,0.9620607215963248,0.0,265.26105,0.23392487
2018,3,15,74,0.73413813,0.07994574,0.9620607215963248,0.0,265.21222,0.26653767
2018,3,15,74,0.73413813,0.07994574,0.9620607215963248,0.0,265.26105,0.23392487
2018,3,20,79,0.6692724,0.09651023,0.9043129671038054,0.0,266.81406,0.26976013
2018,3,20,79,0.6692724,0.09651023,0.9043129671038054,0.0,266.64804,0.23592186
2018,3,20,79,0.6692724,0.09651023,0.9043129671038054,0.0,266.81406,0.26976013
2018,3,20,79,0.6692724,0.09651023,0.9043129671038054,0.0,266.64804,0.23592186
2018,3,22,81,0.37030318,0.021530196,0.0035460992907801418,2.861023e-06,267.97388,0.2767563
2018,3,22,81,0.37030318,0.021530196,0.0035460992907801418,2.861023e-06,268.06763,0.2436428
2018,3,22,81,0.37030318,0.021530196,0.0035460992907801418,5.722046e-06,267.97388,0.2767563
2018,3,22,81,0.37030318,0.021530196,0.0035460992907801418,5.722046e-06,268.06763,0.2436428
2018,3,23,82,0.6873799,0.08275372,0.9196173382498852,0.0,268.02844,0.27898884
2018,3,23,82,0.6873799,0.08275372,0.9196173382498852,0.0,267.91907,0.24574947
2018,3,23,82,0.6873799,0.08275372,0.9196173382498852,0.0,268.02844,0.27898884
2018,3,23,82,0.6873799,0.08275372,0.9196173382498852,0.0,267.91907,0.24574947
2018,3,25,84,0.78280765,0.058328718,0.9422757475083057,0.0,267.78986,0.2787943
2018,3,25,84,0.78280765,0.058328718,0.9422757475083057,0.0,267.73907,0.2456131
2018,3,25,84,0.78280765,0.058328718,0.9422757475083057,0.0,267.78986,0.2787943
2018,3,25,84,0.78280765,0.058328718,0.9422757475083057,0.0,267.73907,0.2456131
2018,3,28,87,0.7111145,0.057882458,0.8968957871396895,6.67572e-06,272.20697,0.28293324
2018,3,28,87,0.7111145,0.057882458,0.8968957871396895,6.67572e-06,271.80658,0.24888039
2018,3,28,87,0.7111145,0.057882458,0.8968957871396895,4.2915344e-06,272.20697,0.28293324
2018,3,28,87,0.7111145,0.057882458,0.8968957871396895,4.2915344e-06,271.80658,0.24888039
2018,3,30,89,0.73473835,0.073043585,0.8887490131649135,0.0,272.00366,0.2844534
2018,3,30,89,0.73473835,0.073043585,0.8887490131649135,0.0,271.86304,0.24953651
2018,3,30,89,0.73473835,0.073043585,0.8887490131649135,0.0,272.00366,0.2844534
2018,3,30,89,0.73473835,0.073043585,0.8887490131649135,0.0,271.86304,0.24953651
2018,4,1,91,0.73667455,0.09581944,0.8918458465515215,0.0,272.93164,0.29211426
2018,4,1,91,0.73667455,0.09581944,0.8918458465515215,0.0,272.99414,0.2563839
2018,4,1,91,0.73667455,0.09581944,0.8918458465515215,0.0,272.93164,0.29211426
2018,4,1,91,0.73667455,0.09581944,0.8918458465515215,0.0,272.99414,0.2563839
2018,4,4,94,0.7919749,0.055544317,0.9420963651732882,0.0,274.64136,0.29495907
2018,4,4,94,0.7919749,0.055544317,0.9420963651732882,0.0,274.61987,0.2592392
2018,4,4,94,0.7919749,0.055544317,0.9420963651732882,0.0,274.64136,0.29495907
2018,4,4,94,0.7919749,0.055544317,0.9420963651732882,0.0,274.61987,0.2592392
2018,4,7,97,0.8284161,0.060059845,0.9409528733651213,1.5258789e-05,276.64914,0.3044386
2018,4,7,97,0.8284161,0.060059845,0.9409528733651213,1.5258789e-05,276.52414,0.26613712
2018,4,7,97,0.8284161,0.060059845,0.9409528733651213,2.861023e-05,276.64914,0.3044386
2018,4,7,97,0.8284161,0.060059845,0.9409528733651213,2.861023e-05,276.52414,0.26613712
2018,4,11,101,0.7709377,0.082693666,0.943547764306124,0.0,276.04565,0.31867695
2018,4,11,101,0.7709377,0.082693666,0.943547764306124,0.0,276.02612,0.27845192
2018,4,11,101,0.7709377,0.082693666,0.943547764306124,0.0,276.04565,0.31867695
2018,4,11,101,0.7709377,0.082693666,0.943547764306124,0.0,276.02612,0.27845192
2018,4,16,106,0.73856634,0.17059302,0.8081865778200856,0.0,283.61786,0.33491135
2018,4,16,106,0.73856634,0.17059302,0.8081865778200856,0.0,283.48895,0.29177284
2018,4,16,106,0.73856634,0.17059302,0.8081865778200856,0.0,283.61786,0.33491135
2018,4,16,106,0.73856634,0.17059302,0.8081865778200856,0.0,283.48895,0.29177284
2018,4,17,107,0.7501066,0.21234652,0.7390377704717486,0.0,282.89404,0.32645035
2018,4,17,107,0.7501066,0.21234652,0.7390377704717486,0.0,282.76318,0.28267574
2018,4,17,107,0.7501066,0.21234652,0.7390377704717486,0.0,282.89404,0.32645035
2018,4,17,107,0.7501066,0.21234652,0.7390377704717486,0.0,282.76318,0.28267574
2018,4,26,116,0.731788,0.13398641,0.7784439115374368,1.04904175e-05,280.1964,0.24932098
2018,4,26,116,0.731788,0.13398641,0.7784439115374368,1.04904175e-05,279.97766,0.1976471
2018,4,26,116,0.731788,0.13398641,0.7784439115374368,8.583069e-06,280.1964,0.24932098
2018,4,26,116,0.731788,0.13398641,0.7784439115374368,8.583069e-06,279.97766,0.1976471
2018,4,27,117,0.4853658,0.43728822,0.5343280849505676,4.7683716e-07,279.94446,0.24127007
2018,4,27,117,0.4853658,0.43728822,0.5343280849505676,4.7683716e-07,279.6515,0.19015217
2018,4,27,117,0.4853658,0.43728822,0.5343280849505676,4.7683716e-07,279.94446,0.24127007
2018,4,27,117,0.4853658,0.43728822,0.5343280849505676,4.7683716e-07,279.6515,0.19015217
2018,4,29,119,0.2553637,0.1512311,0.15070921985815602,6.6280365e-05,278.3777,0.22753143
2018,4,29,119,0.2553637,0.1512311,0.15070921985815602,6.6280365e-05,278.3308,0.17420006
2018,4,29,119,0.2553637,0.1512311,0.15070921985815602,5.722046e-05,278.3777,0.22753143
2018,4,29,119,0.2553637,0.1512311,0.15070921985815602,5.722046e-05,278.3308,0.17420006
2019,2,11,42,0.699862,0.044610858,0.9953854402021981,1.4305115e-06,267.6402,0.088749886
2019,2,11,42,0.699862,0.044610858,0.9953854402021981,1.4305115e-06,268.02496,0.08559704
2019,2,11,42,0.699862,0.044610858,0.9953854402021981,2.861023e-06,267.6402,0.088749886
2019,2,11,42,0.699862,0.044610858,0.9953854402021981,2.861023e-06,268.02496,0.08559704
2019,2,13,44,0.37371492,0.013624921,0.0,6.198883e-06,260.70828,0.089455605
2019,2,13,44,0.37371492,0.013624921,0.0,6.198883e-06,261.0325,0.086559296
2019,2,13,44,0.37371492,0.013624921,0.0,6.67572e-06,260.70828,0.089455605
2019,2,13,44,0.37371492,0.013624921,0.0,6.67572e-06,261.0325,0.086559296
2019,2,20,51,0.72085387,0.050463974,0.944189594871744,0.0,265.51364,0.110762596
2019,2,20,51,0.72085387,0.050463974,0.944189594871744,0.0,265.67575,0.10741615
2019,2,20,51,0.72085387,0.050463974,0.944189594871744,0.0,265.51364,0.110762596
2019,2,20,51,0.72085387,0.050463974,0.944189594871744,0.0,265.67575,0.10741615
2019,2,21,52,0.74099916,0.047712475,0.9402603618263616,0.0,257.53314,0.10858059
2019,2,21,52,0.74099916,0.047712475,0.9402603618263616,0.0,257.41205,0.104917526
2019,2,21,52,0.74099916,0.047712475,0.9402603618263616,0.0,257.53314,0.10858059
2019,2,21,52,0.74099916,0.047712475,0.9402603618263616,0.0,257.41205,0.104917526
2019,2,25,56,0.87492216,0.09750697,0.9235129916066,0.0,277.3019,0.11545944
2019,2,25,56,0.87492216,0.09750697,0.9235129916066,0.0,277.1066,0.111763
2019,2,25,56,0.87492216,0.09750697,0.9235129916066,0.0,277.3019,0.11545944
2019,2,25,56,0.87492216,0.09750697,0.9235129916066,0.0,277.1066,0.111763
2019,2,26,57,0.60608566,0.10951057,0.9087664304717752,9.536743e-07,273.14545,0.12007046
2019,2,26,57,0.60608566,0.10951057,0.9087664304717752,9.536743e-07,272.97748,0.11614895
2019,2,26,57,0.60608566,0.10951057,0.9087664304717752,9.536743e-07,273.14545,0.12007046
2019,2,26,57,0.60608566,0.10951057,0.9087664304717752,9.536743e-07,272.97748,0.11614895
2019,2,28,59,0.7926948,0.1349858,0.8936749751510055,0.0,266.42264,0.121640205
2019,2,28,59,0.7926948,0.1349858,0.8936749751510055,0.0,266.37772,0.1172657
2019,2,28,59,0.7926948,0.1349858,0.8936749751510055,0.0,266.42264,0.121640205
2019,2,28,59,0.7926948,0.1349858,0.8936749751510055,0.0,266.37772,0.1172657
2019,3,2,61,0.71931154,0.09415424,0.9259645464025026,0.0,264.64783,0.12248516
2019,3,2,61,0.71931154,0.09415424,0.9259645464025026,0.0,264.62244,0.11811447
2019,3,2,61,0.71931154,0.09415424,0.9259645464025026,0.0,264.64783,0.12248516
2019,3,2,61,0.71931154,0.09415424,0.9259645464025026,0.0,264.62244,0.11811447
2019,3,3,62,0.79394513,0.12583166,0.8844175954424669,0.0,260.2209,0.12272453
2019,3,3,62,0.79394513,0.12583166,0.8844175954424669,0.0,260.2365,0.11798668
2019,3,3,62,0.79394513,0.12583166,0.8844175954424669,0.0,260.2209,0.12272453
2019,3,3,62,0.79394513,0.12583166,0.8844175954424669,0.0,260.2365,0.11798668
2019,3,5,64,0.66319656,0.10816109,0.8247574796722443,0.0,262.06714,0.12260914
2019,3,5,64,0.66319656,0.10816109,0.8247574796722443,0.0,262.01245,0.11811638
2019,3,5,64,0.66319656,0.10816109,0.8247574796722443,0.0,262.06714,0.12260914
2019,3,5,64,0.66319656,0.10816109,0.8247574796722443,0.0,262.01245,0.11811638
2019,3,7,66,0.69977915,0.09503907,0.8378411958100772,0.0,268.5074,0.123521805
2019,3,7,66,0.69977915,0.09503907,0.8378411958100772,0.0,268.3531,0.11896038
2019,3,7,66,0.69977915,0.09503907,0.8378411958100772,0.0,268.5074,0.123521805
2019,3,7,66,0.69977915,0.09503907,0.8378411958100772,0.0,268.3531,0.11896038
2019,3,10,69,0.5795678,0.007879138,1.0,0.000228405,268.88947,0.15216064
2019,3,10,69,0.5795678,0.007879138,1.0,0.000228405,268.87775,0.14651203
2019,3,10,69,0.5795678,0.007879138,1.0,0.00018692017,268.88947,0.15216064
2019,3,10,69,0.5795678,0.007879138,1.0,0.00018692017,268.87775,0.14651203
2019,3,12,71,0.7760779,0.058784485,0.9337370242214533,0.0,266.8504,0.14309025
2019,3,12,71,0.7760779,0.058784485,0.9337370242214533,0.0,266.79767,0.13556576
2019,3,12,71,0.7760779,0.058784485,0.9337370242214533,0.0,266.8504,0.14309025
2019,3,12,71,0.7760779,0.058784485,0.9337370242214533,0.0,266.79767,0.13556576
2019,3,13,72,0.68052137,0.04564008,0.9782766111513396,0.0,265.839,0.14324474
2019,3,13,72,0.68052137,0.04564008,0.9782766111513396,0.0,265.7179,0.13549232
2019,3,13,72,0.68052137,0.04564008,0.9782766111513396,0.0,265.839,0.14324474
2019,3,13,72,0.68052137,0.04564008,0.9782766111513396,0.0,265.7179,0.13549232
2019,3,22,81,0.7318245,0.033406913,0.9389862267467691,0.0,275.61853,0.19707298
2019,3,22,81,0.7318245,0.033406913,0.9389862267467691,0.0,275.474,0.18954945
2019,3,22,81,0.7318245,0.033406913,0.9389862267467691,0.0,275.61853,0.19707298
2019,3,22,81,0.7318245,0.033406913,0.9389862267467691,0.0,275.474,0.18954945
2019,3,25,84,0.9398314,0.019685,0.9938271604938271,9.536743e-07,272.38382,0.19662952
2019,3,25,84,0.9398314,0.019685,0.9938271604938271,9.536743e-07,272.35257,0.1870203
2019,3,25,84,0.9398314,0.019685,0.9938271604938271,9.536743e-07,272.38382,0.19662952
2019,3,25,84,0.9398314,0.019685,0.9938271604938271,9.536743e-07,272.35257,0.1870203
2019,3,30,89,0.79347825,0.07902503,0.9950769230769231,2.861023e-06,275.62817,0.18840504
2019,3,30,89,0.79347825,0.07902503,0.9950769230769231,2.861023e-06,275.49927,0.17547989
2019,3,30,89,0.79347825,0.07902503,0.9950769230769231,5.722046e-06,275.62817,0.18840504
2019,3,30,89,0.79347825,0.07902503,0.9950769230769231,5.722046e-06,275.49927,0.17547989
2019,4,1,91,0.6753291,0.12777904,0.7776837381411644,0.0,274.8961,0.19430733
2019,4,1,91,0.6753291,0.12777904,0.7776837381411644,0.0,274.76328,0.18077183
2019,4,1,91,0.6753291,0.12777904,0.7776837381411644,0.0,274.8961,0.19430733
2019,4,1,91,0.6753291,0.12777904,0.7776837381411644,0.0,274.76328,0.18077183
2019,4,2,92,0.7650641,0.14729851,0.823578943197353,0.0,277.73114,0.19627285
2019,4,2,92,0.7650641,0.14729851,0.823578943197353,0.0,277.66083,0.18208218
2019,4,2,92,0.7650641,0.14729851,0.823578943197353,0.0,277.73114,0.19627285
2019,4,2,92,0.7650641,0.14729851,0.823578943197353,0.0,277.66083,0.18208218
2019,4,9,99,0.6672227,0.10606784,0.9003695758922803,6.67572e-06,272.55618,0.21113491
2019,4,9,99,0.6672227,0.10606784,0.9003695758922803,6.67572e-06,272.4429,0.19490433
2019,4,9,99,0.6672227,0.10606784,0.9003695758922803,5.722046e-06,272.55618,0.21113491
2019,4,9,99,0.6672227,0.10606784,0.9003695758922803,5.722046e-06,272.4429,0.19490433
2019,4,11,101,0.55435944,0.091917574,0.8194930409765959,0.0,275.8927,0.20906162
2019,4,11,101,0.55435944,0.091917574,0.8194930409765959,0.0,275.84192,0.1918478
2019,4,11,101,0.55435944,0.091917574,0.8194930409765959,0.0,275.8927,0.20906162
2019,4,11,101,0.55435944,0.091917574,0.8194930409765959,0.0,275.84192,0.1918478
2019,4,12,102,0.6166749,0.16031377,0.8034724636495634,6.198883e-06,278.47125,0.20878792
2019,4,12,102,0.6166749,0.16031377,0.8034724636495634,6.198883e-06,278.315,0.19132805
2019,4,12,102,0.6166749,0.16031377,0.8034724636495634,1.7642975e-05,278.47125,0.20878792
2019,4,12,102,0.6166749,0.16031377,0.8034724636495634,1.7642975e-05,278.315,0.19132805
2019,4,14,104,0.7780248,0.17737314,0.7998634207121292,0.0,280.0608,0.20521641
2019,4,14,104,0.7780248,0.17737314,0.7998634207121292,0.0,279.84985,0.18828487
2019,4,14,104,0.7780248,0.17737314,0.7998634207121292,0.0,280.0608,0.20521641
2019,4,14,104,0.7780248,0.17737314,0.7998634207121292,0.0,279.84985,0.18828487
2019,4,16,106,0.63646877,0.32081917,0.6309446440859393,0.0,281.05637,0.182518
2019,4,16,106,0.63646877,0.32081917,0.6309446440859393,0.0,280.81808,0.16461277
2019,4,16,106,0.63646877,0.32081917,0.6309446440859393,0.0,281.05637,0.182518
2019,4,16,106,0.63646877,0.32081917,0.6309446440859393,0.0,280.81808,0.16461277
2019,4,19,109,0.53402656,0.41261223,0.5581179753803808,0.0,281.40976,0.16132927
2019,4,19,109,0.53402656,0.41261223,0.5581179753803808,0.0,281.23007,0.1432991
2019,4,19,109,0.53402656,0.41261223,0.5581179753803808,0.0,281.40976,0.16132927
2019,4,19,109,0.53402656,0.41261223,0.5581179753803808,0.0,281.23007,0.1432991
2019,4,22,112,0.17463617,0.31151402,0.34121373889068135,0.0,281.80734,0.12386894
2019,4,22,112,0.17463617,0.31151402,0.34121373889068135,0.0,281.655,0.10498142
2019,4,22,112,0.17463617,0.31151402,0.34121373889068135,0.0,281.80734,0.12386894
2019,4,22,112,0.17463617,0.31151402,0.34121373889068135,0.0,281.655,0.10498142
2019,4,24,114,0.12764409,0.3478338,0.3804667788057191,0.0,285.3832,0.090610504
2019,4,24,114,0.12764409,0.3478338,0.3804667788057191,0.0,285.21133,0.06869125
2019,4,24,114,0.12764409,0.3478338,0.3804667788057191,0.0,285.3832,0.090610504
2019,4,24,114,0.12764409,0.3478338,0.3804667788057191,0.0,285.21133,0.06869125
2019,4,26,116,-0.21056029,0.42626595,0.32440646863172384,0.0,286.28287,0.07191372
2019,4,26,116,-0.21056029,0.42626595,0.32440646863172384,0.0,286.5602,0.048249245
2019,4,26,116,-0.21056029,0.42626595,0.32440646863172384,0.0,286.28287,0.07191372
2019,4,26,116,-0.21056029,0.42626595,0.32440646863172384,0.0,286.5602,0.048249245
2019,4,27,117,0.057304256,0.25035572,0.2862755724156618,0.0,279.37112,0.048482895
2019,4,27,117,0.057304256,0.25035572,0.2862755724156618,0.0,279.6758,0.027341843
2019,4,27,117,0.057304256,0.25035572,0.2862755724156618,0.0,279.37112,0.048482895
2019,4,27,117,0.057304256,0.25035572,0.2862755724156618,0.0,279.6758,0.027341843
2019,4,29,119,-0.2766948,0.28168648,0.26590258432056757,0.0,282.1252,0.038585663
2019,4,29,119,-0.2766948,0.28168648,0.26590258432056757,0.0,282.5002,0.026725769
2019,4,29,119,-0.2766948,0.28168648,0.26590258432056757,0.0,282.1252,0.038585663
2019,4,29,119,-0.2766948,0.28168648,0.26590258432056757,0.0,282.5002,0.026725769
2019,11,5,309,0.5533922,0.1273593,0.8357420403631894,1.9073486e-06,261.7417,0.024490356
2019,11,5,309,0.5533922,0.1273593,0.8357420403631894,1.9073486e-06,262.18506,0.026272774
2019,11,5,309,0.5533922,0.1273593,0.8357420403631894,1.9073486e-06,261.7417,0.024490356
2019,11,5,309,0.5533922,0.1273593,0.8357420403631894,1.9073486e-06,262.18506,0.026272774
2019,11,8,312,0.6660869,0.012993813,1.0,5.722046e-06,262.74237,0.019983292
2019,11,8,312,0.6660869,0.012993813,1.0,5.722046e-06,262.77167,0.02261734
2019,11,8,312,0.6660869,0.012993813,1.0,4.7683716e-06,262.74237,0.019983292
2019,11,8,312,0.6660869,0.012993813,1.0,4.7683716e-06,262.77167,0.02261734
2020,2,3,34,0.70534015,0.05396208,0.9386805180787912,0.0,266.7823,0.18363857
2020,2,3,34,0.70534015,0.05396208,0.9386805180787912,0.0,266.77057,0.17218018
2020,2,3,34,0.70534015,0.05396208,0.9386805180787912,0.0,266.7823,0.18363857
2020,2,3,34,0.70534015,0.05396208,0.9386805180787912,0.0,266.77057,0.17218018
2020,2,6,37,0.7136121,0.05001381,0.9569861208032876,0.0,266.19287,0.18084049
2020,2,6,37,0.7136121,0.05001381,0.9569861208032876,0.0,266.02295,0.16820335
2020,2,6,37,0.7136121,0.05001381,0.9569861208032876,0.0,266.19287,0.18084049
2020,2,6,37,0.7136121,0.05001381,0.9569861208032876,0.0,266.02295,0.16820335
2020,2,10,41,0.4100424,0.0033985823,0.0,0.00042152405,275.0116,0.20509148
2020,2,10,41,0.4100424,0.0033985823,0.0,0.00042152405,275.02722,0.18985653
2020,2,10,41,0.4100424,0.0033985823,0.0,0.0003862381,275.0116,0.20509148
2020,2,10,41,0.4100424,0.0033985823,0.0,0.0003862381,275.02722,0.18985653
2020,2,18,49,0.36618432,0.026045442,0.007142857142857143,6.67572e-06,272.1709,0.24172878
2020,2,18,49,0.36618432,0.026045442,0.007142857142857143,6.67572e-06,272.29785,0.22279549
2020,2,18,49,0.36618432,0.026045442,0.007142857142857143,1.9073486e-05,272.1709,0.24172878
2020,2,18,49,0.36618432,0.026045442,0.007142857142857143,1.9073486e-05,272.29785,0.22279549
2020,2,20,51,0.64526343,0.06201613,1.0,9.536743e-07,262.90417,0.24526119
2020,2,20,51,0.64526343,0.06201613,1.0,9.536743e-07,262.72058,0.22625542
2020,2,20,51,0.64526343,0.06201613,1.0,4.7683716e-07,262.90417,0.24526119
2020,2,20,51,0.64526343,0.06201613,1.0,4.7683716e-07,262.72058,0.22625542
2020,2,23,54,0.579845,0.08561407,0.9992424242424243,0.0,272.9356,0.2663536
2020,2,23,54,0.579845,0.08561407,0.9992424242424243,0.0,272.8946,0.24671936
2020,2,23,54,0.579845,0.08561407,0.9992424242424243,4.7683716e-07,272.9356,0.2663536
2020,2,23,54,0.579845,0.08561407,0.9992424242424243,4.7683716e-07,272.8946,0.24671936
2020,2,25,56,0.7246226,0.07830328,0.9622641509433962,0.0,265.64352,0.26874256
2020,2,25,56,0.7246226,0.07830328,0.9622641509433962,0.0,265.53024,0.2488079
2020,2,25,56,0.7246226,0.07830328,0.9622641509433962,0.0,265.64352,0.26874256
2020,2,25,56,0.7246226,0.07830328,0.9622641509433962,0.0,265.53024,0.2488079
2020,2,26,57,0.73613906,0.065629184,0.9647884589247229,7.6293945e-06,259.03412,0.2657833
2020,2,26,57,0.73613906,0.065629184,0.9647884589247229,7.6293945e-06,258.78412,0.24542713
2020,2,26,57,0.73613906,0.065629184,0.9647884589247229,5.2452087e-06,259.03412,0.2657833
2020,2,26,57,0.73613906,0.065629184,0.9647884589247229,5.2452087e-06,258.78412,0.24542713
2020,2,28,59,0.799096,0.060052276,0.9483809924306139,0.0,265.2379,0.26842022
2020,2,28,59,0.799096,0.060052276,0.9483809924306139,0.0,265.2262,0.24788761
2020,2,28,59,0.799096,0.060052276,0.9483809924306139,0.0,265.2379,0.26842022
2020,2,28,59,0.799096,0.060052276,0.9483809924306139,0.0,265.2262,0.24788761
2020,3,4,64,0.76583064,0.07998252,0.9284639158705948,0.0,264.77502,0.2712736
2020,3,4,64,0.76583064,0.07998252,0.9284639158705948,0.0,264.77698,0.25017643
2020,3,4,64,0.76583064,0.07998252,0.9284639158705948,0.0,264.77502,0.2712736
2020,3,4,64,0.76583064,0.07998252,0.9284639158705948,0.0,264.77698,0.25017643
2020,3,6,66,0.6621196,0.043341815,0.9900706289462471,0.0,270.13718,0.28598213
2020,3,6,66,0.6621196,0.043341815,0.9900706289462471,0.0,270.1743,0.264678
2020,3,6,66,0.6621196,0.043341815,0.9900706289462471,0.0,270.13718,0.28598213
2020,3,6,66,0.6621196,0.043341815,0.9900706289462471,0.0,270.1743,0.264678
2020,3,14,74,0.5588762,0.17023687,0.7079845460399228,0.0,266.79324,0.2961855
2020,3,14,74,0.5588762,0.17023687,0.7079845460399228,0.0,266.59012,0.27013874
2020,3,14,74,0.5588762,0.17023687,0.7079845460399228,0.0,266.79324,0.2961855
2020,3,14,74,0.5588762,0.17023687,0.7079845460399228,0.0,266.59012,0.27013874
2020,3,16,76,0.67393714,0.07376826,0.936537496154033,0.0,272.01956,0.30888176
2020,3,16,76,0.67393714,0.07376826,0.936537496154033,0.0,271.87503,0.28242016
2020,3,16,76,0.67393714,0.07376826,0.936537496154033,0.0,272.01956,0.30888176
2020,3,16,76,0.67393714,0.07376826,0.936537496154033,0.0,271.87503,0.28242016
2020,3,19,79,0.69510454,0.04341507,1.0,0.0,271.72046,0.3184433
2020,3,19,79,0.69510454,0.04341507,1.0,0.0,271.72046,0.28903198
2020,3,19,79,0.69510454,0.04341507,1.0,0.0,271.72046,0.3184433
2020,3,19,79,0.69510454,0.04341507,1.0,0.0,271.72046,0.28903198
2020,3,21,81,0.73269135,0.091730416,0.9178912070356369,0.0,269.4351,0.31939888
2020,3,21,81,0.73269135,0.091730416,0.9178912070356369,0.0,269.21634,0.28948307
2020,3,21,81,0.73269135,0.091730416,0.9178912070356369,0.0,269.4351,0.31939888
2020,3,21,81,0.73269135,0.091730416,0.9178912070356369,0.0,269.21634,0.28948307
2020,3,24,84,0.84765494,0.07043305,0.9208846242067437,7.009506e-05,276.68594,0.3234434
2020,3,24,84,0.84765494,0.07043305,0.9208846242067437,7.009506e-05,276.57266,0.2920494
2020,3,24,84,0.84765494,0.07043305,0.9208846242067437,4.005432e-05,276.68594,0.3234434
2020,3,24,84,0.84765494,0.07043305,0.9208846242067437,4.005432e-05,276.57266,0.2920494
2020,3,26,86,0.8408909,0.12876436,0.8835060019879196,0.0,278.01575,0.32476997
2020,3,26,86,0.8408909,0.12876436,0.8835060019879196,0.0,277.91418,0.29192066
2020,3,26,86,0.8408909,0.12876436,0.8835060019879196,0.0,278.01575,0.32476997
2020,3,26,86,0.8408909,0.12876436,0.8835060019879196,0.0,277.91418,0.29192066
2020,3,29,89,0.7242873,0.14721793,0.9055793991416309,1.6212463e-05,270.92365,0.32712746
2020,3,29,89,0.7242873,0.14721793,0.9055793991416309,1.6212463e-05,270.826,0.2923231
2020,3,29,89,0.7242873,0.14721793,0.9055793991416309,1.9073486e-05,270.92365,0.32712746
2020,3,29,89,0.7242873,0.14721793,0.9055793991416309,1.9073486e-05,270.826,0.2923231
2020,4,1,92,0.6576611,0.048547,0.9995775956745797,5.340576e-05,270.69623,0.3362856
2020,4,1,92,0.6576611,0.048547,0.9995775956745797,5.340576e-05,270.59467,0.30165386
2020,4,1,92,0.6576611,0.048547,0.9995775956745797,5.8174133e-05,270.69623,0.3362856
2020,4,1,92,0.6576611,0.048547,0.9995775956745797,5.8174133e-05,270.59467,0.30165386
2020,4,5,96,0.6666667,0.10144532,0.8759604125563415,1.2874603e-05,271.53757,0.33965492
2020,4,5,96,0.6666667,0.10144532,0.8759604125563415,1.2874603e-05,271.40475,0.30228615
2020,4,5,96,0.6666667,0.10144532,0.8759604125563415,1.5258789e-05,271.53757,0.33965492
2020,4,5,96,0.6666667,0.10144532,0.8759604125563415,1.5258789e-05,271.40475,0.30228615
2020,4,6,97,0.7126603,0.09636313,0.9447014297729184,1.4781952e-05,273.70462,0.3387146
2020,4,6,97,0.7126603,0.09636313,0.9447014297729184,1.4781952e-05,273.6851,0.30055714
2020,4,6,97,0.7126603,0.09636313,0.9447014297729184,1.335144e-05,273.70462,0.3387146
2020,4,6,97,0.7126603,0.09636313,0.9447014297729184,1.335144e-05,273.6851,0.30055714
2020,4,11,102,0.7828401,0.17306978,0.8034259931938974,1.9550323e-05,275.01715,0.3472433
2020,4,11,102,0.7828401,0.17306978,0.8034259931938974,1.9550323e-05,274.84137,0.30474186
2020,4,11,102,0.7828401,0.17306978,0.8034259931938974,2.7656555e-05,275.01715,0.3472433
2020,4,11,102,0.7828401,0.17306978,0.8034259931938974,2.7656555e-05,274.84137,0.30474186
2020,4,16,107,0.62294495,0.019956023,1.0,4.2438507e-05,277.2849,0.36738873
2020,4,16,107,0.62294495,0.019956023,1.0,4.2438507e-05,277.22632,0.3199377
2020,4,16,107,0.62294495,0.019956023,1.0,2.7656555e-05,277.2849,0.36738873
2020,4,16,107,0.62294495,0.019956023,1.0,2.7656555e-05,277.22632,0.3199377
2020,4,26,117,0.7703521,0.009973526,1.0,1.859665e-05,276.7938,0.3179245
2020,4,26,117,0.7703521,0.009973526,1.0,1.859665e-05,276.77036,0.26235294
2020,4,26,117,0.7703521,0.009973526,1.0,2.0503998e-05,276.7938,0.3179245
2020,4,26,117,0.7703521,0.009973526,1.0,2.0503998e-05,276.77036,0.26235294
2020,4,28,119,0.5744681,0.29935545,0.6375797979196738,2.1457672e-05,275.31308,0.31867695
2020,4,28,119,0.5744681,0.29935545,0.6375797979196738,2.1457672e-05,275.24667,0.26157093
2020,4,28,119,0.5744681,0.29935545,0.6375797979196738,1.9073486e-05,275.31308,0.31867695
2020,4,28,119,0.5744681,0.29935545,0.6375797979196738,1.9073486e-05,275.24667,0.26157093
2021,1,31,31,0.45476887,0.009399325,0.8375527426160337,6.198883e-05,262.2504,0.095929146
2021,1,31,31,0.45476887,0.009399325,0.8375527426160337,6.198883e-05,262.14493,0.0815382
2021,1,31,31,0.45476887,0.009399325,0.8375527426160337,6.198883e-05,262.2504,0.095929146
2021,1,31,31,0.45476887,0.009399325,0.8375527426160337,6.198883e-05,262.14493,0.0815382
2021,2,4,35,0.5440458,0.04256448,0.9439456313436014,4.7683716e-06,267.1726,0.0984211
2021,2,4,35,0.5440458,0.04256448,0.9439456313436014,4.7683716e-06,267.00073,0.08356953
2021,2,4,35,0.5440458,0.04256448,0.9439456313436014,3.33786e-06,267.1726,0.0984211
2021,2,4,35,0.5440458,0.04256448,0.9439456313436014,3.33786e-06,267.00073,0.08356953
2021,2,9,40,0.7994043,0.044996858,0.9940223014139556,4.7683716e-07,253.51636,0.102282524
2021,2,9,40,0.7994043,0.044996858,0.9940223014139556,4.7683716e-07,252.65308,0.086380005
2021,2,9,40,0.7994043,0.044996858,0.9940223014139556,4.7683716e-07,253.51636,0.102282524
2021,2,9,40,0.7994043,0.044996858,0.9940223014139556,4.7683716e-07,252.65308,0.086380005
2021,2,10,41,0.71199286,0.031685054,0.9915767512105501,0.0,252.2844,0.10303688
2021,2,10,41,0.71199286,0.031685054,0.9915767512105501,0.0,251.09103,0.086883545
2021,2,10,41,0.71199286,0.031685054,0.9915767512105501,4.7683716e-07,252.2844,0.10303688
2021,2,10,41,0.71199286,0.031685054,0.9915767512105501,4.7683716e-07,251.09103,0.086883545
2021,2,14,45,0.77916586,0.038002193,0.9981074364366278,0.0,260.46057,0.10782051
2021,2,14,45,0.77916586,0.038002193,0.9981074364366278,0.0,260.71252,0.09206009
2021,2,14,45,0.77916586,0.038002193,0.9981074364366278,0.0,260.46057,0.10782051
2021,2,14,45,0.77916586,0.038002193,0.9981074364366278,0.0,260.71252,0.09206009
2021,2,17,48,0.6419195,0.06535813,0.9576959523487207,9.536743e-07,256.05896,0.11029148
2021,2,17,48,0.6419195,0.06535813,0.9576959523487207,9.536743e-07,255.7582,0.09406376
2021,2,17,48,0.6419195,0.06535813,0.9576959523487207,9.536743e-07,256.05896,0.11029148
2021,2,17,48,0.6419195,0.06535813,0.9576959523487207,9.536743e-07,255.7582,0.09406376
2021,2,19,50,0.40170506,0.0130352825,0.04891304347826087,5.4359436e-05,261.81256,0.1164093
2021,2,19,50,0.40170506,0.0130352825,0.04891304347826087,5.4359436e-05,261.586,0.09933376
2021,2,19,50,0.40170506,0.0130352825,0.04891304347826087,3.33786e-05,261.81256,0.1164093
2021,2,19,50,0.40170506,0.0130352825,0.04891304347826087,3.33786e-05,261.586,0.09933376
2021,2,27,58,0.8743601,0.076759845,0.9421974157045646,0.0,272.4879,0.14108276
2021,2,27,58,0.8743601,0.076759845,0.9421974157045646,0.0,272.37073,0.12039566
2021,2,27,58,0.8743601,0.076759845,0.9421974157045646,0.0,272.4879,0.14108276
2021,2,27,58,0.8743601,0.076759845,0.9421974157045646,0.0,272.37073,0.12039566
2021,3,1,60,0.83515817,0.067738,0.920989754568392,0.0,276.7643,0.154356
2021,3,1,60,0.83515817,0.067738,0.920989754568392,0.0,276.59048,0.13309765
2021,3,1,60,0.83515817,0.067738,0.920989754568392,0.0,276.7643,0.154356
2021,3,1,60,0.83515817,0.067738,0.920989754568392,0.0,276.59048,0.13309765
2021,3,2,61,0.8289187,0.08145818,0.943621321997166,0.0,273.53223,0.15729237
2021,3,2,61,0.8289187,0.08145818,0.943621321997166,0.0,273.33105,0.13567352
2021,3,2,61,0.8289187,0.08145818,0.943621321997166,0.0,273.53223,0.15729237
2021,3,2,61,0.8289187,0.08145818,0.943621321997166,0.0,273.33105,0.13567352
2021,3,4,63,0.783317,0.079992294,0.9144907867573974,0.0,268.1839,0.16158676
2021,3,4,63,0.783317,0.079992294,0.9144907867573974,0.0,268.11554,0.13974953
2021,3,4,63,0.783317,0.079992294,0.9144907867573974,0.0,268.1839,0.16158676
2021,3,4,63,0.783317,0.079992294,0.9144907867573974,0.0,268.11554,0.13974953
2021,3,7,66,0.7161092,0.029538631,0.9224268689057421,0.0,267.6687,0.164814
2021,3,7,66,0.7161092,0.029538631,0.9224268689057421,0.0,267.4851,0.14234161
2021,3,7,66,0.7161092,0.029538631,0.9224268689057421,0.0,267.6687,0.164814
2021,3,7,66,0.7161092,0.029538631,0.9224268689057421,0.0,267.4851,0.14234161
2021,3,9,68,0.66101253,0.042531222,0.9072931276297336,9.536743e-07,261.6374,0.1631031
2021,3,9,68,0.66101253,0.042531222,0.9072931276297336,9.536743e-07,261.46747,0.14000988
2021,3,9,68,0.66101253,0.042531222,0.9072931276297336,9.536743e-07,261.6374,0.1631031
2021,3,9,68,0.66101253,0.042531222,0.9072931276297336,9.536743e-07,261.46747,0.14000988
2021,3,12,71,0.7687286,0.01684308,0.8033707865168539,2.861023e-05,267.59418,0.16704082
2021,3,12,71,0.7687286,0.01684308,0.8033707865168539,2.861023e-05,267.62152,0.14393997
2021,3,12,71,0.7687286,0.01684308,0.8033707865168539,2.670288e-05,267.59418,0.16704082
2021,3,12,71,0.7687286,0.01684308,0.8033707865168539,2.670288e-05,267.62152,0.14393997
2021,3,16,75,0.53705657,0.0517534,0.9846845007147234,1.66893e-05,272.875,0.17179585
2021,3,16,75,0.53705657,0.0517534,0.9846845007147234,1.66893e-05,272.87305,0.15078926
2021,3,16,75,0.53705657,0.0517534,0.9846845007147234,2.0503998e-05,272.875,0.17179585
2021,3,16,75,0.53705657,0.0517534,0.9846845007147234,2.0503998e-05,272.87305,0.15078926
2021,3,21,80,0.33830488,0.110805966,0.25,8.106232e-06,272.48914,0.17679024
2021,3,21,80,0.33830488,0.110805966,0.25,8.106232e-06,272.4579,0.1549387
2021,3,21,80,0.33830488,0.110805966,0.25,4.2915344e-06,272.48914,0.17679024
2021,3,21,80,0.33830488,0.110805966,0.25,4.2915344e-06,272.4579,0.1549387
2021,3,22,81,0.6557538,0.10555762,0.8737440098933374,0.0,271.0614,0.1782217
2021,3,22,81,0.6557538,0.10555762,0.8737440098933374,0.0,270.90515,0.15650654
2021,3,22,81,0.6557538,0.10555762,0.8737440098933374,0.0,271.0614,0.1782217
2021,3,22,81,0.6557538,0.10555762,0.8737440098933374,0.0,270.90515,0.15650654
2021,3,26,85,0.8028685,0.15823913,0.8369714810000765,0.0,278.11072,0.17752647
2021,3,26,85,0.8028685,0.15823913,0.8369714810000765,0.0,278.04626,0.15681744
2021,3,26,85,0.8028685,0.15823913,0.8369714810000765,0.0,278.11072,0.17752647
2021,3,26,85,0.8028685,0.15823913,0.8369714810000765,0.0,278.04626,0.15681744
2021,3,31,90,0.6134454,0.098365545,0.928168757955992,2.3841858e-06,278.65027,0.14803505
2021,3,31,90,0.6134454,0.098365545,0.928168757955992,2.3841858e-06,278.43933,0.12886047
2021,3,31,90,0.6134454,0.098365545,0.928168757955992,2.861023e-06,278.65027,0.14803505
2021,3,31,90,0.6134454,0.098365545,0.928168757955992,2.861023e-06,278.43933,0.12886047
2021,4,1,91,0.63116616,0.31056014,0.6510127675914371,6.198883e-06,276.7735,0.14085484
2021,4,1,91,0.63116616,0.31056014,0.6510127675914371,6.198883e-06,276.66022,0.12098503
2021,4,1,91,0.63116616,0.31056014,0.6510127675914371,1.1920929e-05,276.7735,0.14085484
2021,4,1,91,0.63116616,0.31056014,0.6510127675914371,1.1920929e-05,276.66022,0.12098503
2021,4,3,93,0.07104631,0.077872135,0.00959079283887468,2.3841858e-06,276.7422,0.14249325
2021,4,3,93,0.07104631,0.077872135,0.00959079283887468,2.3841858e-06,276.63867,0.121302605
2021,4,3,93,0.07104631,0.077872135,0.00959079283887468,5.722046e-06,276.7422,0.14249325
2021,4,3,93,0.07104631,0.077872135,0.00959079283887468,5.722046e-06,276.63867,0.121302605
2021,4,8,98,0.7005937,0.10273638,0.9171964880411747,1.335144e-05,275.97418,0.13942337
2021,4,8,98,0.7005937,0.10273638,0.9171964880411747,1.335144e-05,275.8824,0.11647129
2021,4,8,98,0.7005937,0.10273638,0.9171964880411747,1.04904175e-05,275.97418,0.13942337
2021,4,8,98,0.7005937,0.10273638,0.9171964880411747,1.04904175e-05,275.8824,0.11647129
2021,4,11,101,0.6821033,0.023739249,1.0,3.33786e-06,276.70215,0.16668701
2021,4,11,101,0.6821033,0.023739249,1.0,3.33786e-06,276.46777,0.14130974
2021,4,11,101,0.6821033,0.023739249,1.0,2.861023e-06,276.70215,0.16668701
2021,4,11,101,0.6821033,0.023739249,1.0,2.861023e-06,276.46777,0.14130974
2021,4,15,105,0.6668467,0.25778362,0.6996999006040218,0.0,280.3128,0.17202377
2021,4,15,105,0.6668467,0.25778362,0.6996999006040218,0.0,279.98077,0.14362907
2021,4,15,105,0.6668467,0.25778362,0.6996999006040218,0.0,280.3128,0.17202377
2021,4,15,105,0.6668467,0.25778362,0.6996999006040218,0.0,279.98077,0.14362907
2021,4,16,106,0.5746138,0.37690496,0.5889785151770013,0.0,281.32715,0.16943169
2021,4,16,106,0.5746138,0.37690496,0.5889785151770013,0.0,281.12402,0.13878918
2021,4,16,106,0.5746138,0.37690496,0.5889785151770013,0.0,281.32715,0.16943169
2021,4,16,106,0.5746138,0.37690496,0.5889785151770013,0.0,281.12402,0.13878918
2021,4,18,108,0.39962775,0.51224554,0.4902607332645181,0.0,282.60284,0.16093922
2021,4,18,108,0.39962775,0.51224554,0.4902607332645181,0.0,282.48175,0.12885761
2021,4,18,108,0.39962775,0.51224554,0.4902607332645181,0.0,282.60284,0.16093922
2021,4,18,108,0.39962775,0.51224554,0.4902607332645181,0.0,282.48175,0.12885761
2021,4,20,110,0.17501509,0.5134766,0.4187191176611138,0.0,283.2384,0.1483078
2021,4,20,110,0.17501509,0.5134766,0.4187191176611138,0.0,283.13293,0.114292145
2021,4,20,110,0.17501509,0.5134766,0.4187191176611138,0.0,283.2384,0.1483078
2021,4,20,110,0.17501509,0.5134766,0.4187191176611138,0.0,283.13293,0.114292145
2021,4,21,111,0.06757913,0.4620676,0.39113230810402666,0.0,281.5396,0.14499283
2021,4,21,111,0.06757913,0.4620676,0.39113230810402666,0.0,281.4029,0.108317375
2021,4,21,111,0.06757913,0.4620676,0.39113230810402666,0.0,281.5396,0.14499283
2021,4,21,111,0.06757913,0.4620676,0.39113230810402666,0.0,281.4029,0.108317375
2021,4,26,116,0.46506023,0.3582263,0.5287207323989306,8.583069e-06,276.4504,0.13463116
2021,4,26,116,0.46506023,0.3582263,0.5287207323989306,8.583069e-06,276.41525,0.086868286
2021,4,26,116,0.46506023,0.3582263,0.5287207323989306,6.67572e-06,276.4504,0.13463116
2021,4,26,116,0.46506023,0.3582263,0.5287207323989306,6.67572e-06,276.41525,0.086868286
2021,4,28,118,0.36451897,0.42015257,0.4653101566360843,8.106232e-06,275.7143,0.13592625
2021,4,28,118,0.36451897,0.42015257,0.4653101566360843,8.106232e-06,275.6635,0.08489704
2021,4,28,118,0.36451897,0.42015257,0.4653101566360843,1.2874603e-05,275.7143,0.13592625
2021,4,28,118,0.36451897,0.42015257,0.4653101566360843,1.2874603e-05,275.6635,0.08489704
2021,11,7,311,0.65082186,0.15356982,0.8146167042541298,0.0,270.15424,0.0013132095
2021,11,7,311,0.65082186,0.15356982,0.8146167042541298,0.0,270.12885,0.0013017654
2021,11,7,311,0.65082186,0.15356982,0.8146167042541298,0.0,270.15424,0.0013132095
2021,11,7,311,0.65082186,0.15356982,0.8146167042541298,0.0,270.12885,0.0013017654
2021,11,11,315,0.48704526,0.23060101,0.5730137381112499,0.0,272.58685,0.0080833435
2021,11,11,315,0.48704526,0.23060101,0.5730137381112499,0.0,272.50873,0.0077705383
2021,11,11,315,0.48704526,0.23060101,0.5730137381112499,0.0,272.58685,0.0080833435
2021,11,11,315,0.48704526,0.23060101,0.5730137381112499,0.0,272.50873,0.0077705383
2022,2,9,40,0.61782706,0.016708672,0.9463151207115629,4.7683716e-07,268.10748,0.08762455
2022,2,9,40,0.61782706,0.016708672,0.9463151207115629,4.7683716e-07,268.2735,0.10064316
2022,2,9,40,0.61782706,0.016708672,0.9463151207115629,4.7683716e-07,268.10748,0.08762455
2022,2,9,40,0.61782706,0.016708672,0.9463151207115629,4.7683716e-07,268.2735,0.10064316
2022,2,10,41,0.41001615,0.014322668,0.2887139107611549,2.3841858e-06,268.13153,0.087677956
2022,2,10,41,0.41001615,0.014322668,0.2887139107611549,2.3841858e-06,268.38934,0.10076141
2022,2,10,41,0.41001615,0.014322668,0.2887139107611549,1.9073486e-06,268.13153,0.087677956
2022,2,10,41,0.41001615,0.014322668,0.2887139107611549,1.9073486e-06,268.38934,0.10076141
2022,2,12,43,0.6960546,0.051104486,0.9817832348384876,4.7683716e-07,257.17273,0.08654404
2022,2,12,43,0.6960546,0.051104486,0.9817832348384876,4.7683716e-07,257.45593,0.09927654
2022,2,12,43,0.6960546,0.051104486,0.9817832348384876,4.7683716e-07,257.17273,0.08654404
2022,2,12,43,0.6960546,0.051104486,0.9817832348384876,4.7683716e-07,257.45593,0.09927654
2022,2,14,45,0.69849414,0.04732418,0.9353830568086245,0.0,261.92188,0.086790085
2022,2,14,45,0.69849414,0.04732418,0.9353830568086245,0.0,262.05078,0.09968376
2022,2,14,45,0.69849414,0.04732418,0.9353830568086245,0.0,261.92188,0.086790085
2022,2,14,45,0.69849414,0.04732418,0.9353830568086245,0.0,262.05078,0.09968376
2022,2,15,46,0.7126391,0.025321126,1.0,0.0,255.69016,0.087145805
2022,2,15,46,0.7126391,0.025321126,1.0,0.0,255.47726,0.10025787
2022,2,15,46,0.7126391,0.025321126,1.0,0.0,255.69016,0.087145805
2022,2,15,46,0.7126391,0.025321126,1.0,0.0,255.47726,0.10025787
2022,2,22,53,0.57733893,0.048471272,0.9472906309384418,8.583069e-06,259.6853,0.09829235
2022,2,22,53,0.57733893,0.048471272,0.9472906309384418,8.583069e-06,259.49585,0.1097517
2022,2,22,53,0.57733893,0.048471272,0.9472906309384418,1.001358e-05,259.6853,0.09829235
2022,2,22,53,0.57733893,0.048471272,0.9472906309384418,1.001358e-05,259.49585,0.1097517
2022,2,25,56,0.771204,0.05526012,0.9920869482314806,4.7683716e-07,270.86868,0.108385086
2022,2,25,56,0.771204,0.05526012,0.9920869482314806,4.7683716e-07,270.95853,0.1209259
2022,2,25,56,0.771204,0.05526012,0.9920869482314806,4.7683716e-07,270.86868,0.108385086
2022,2,25,56,0.771204,0.05526012,0.9920869482314806,4.7683716e-07,270.95853,0.1209259
2022,2,27,58,0.765857,0.06301212,0.9296005932831868,0.0,273.3957,0.10995579
2022,2,27,58,0.765857,0.06301212,0.9296005932831868,0.0,273.14178,0.12273407
2022,2,27,58,0.765857,0.06301212,0.9296005932831868,0.0,273.3957,0.10995579
2022,2,27,58,0.765857,0.06301212,0.9296005932831868,0.0,273.14178,0.12273407
2022,3,4,63,0.7836385,0.054275095,0.9191643091979509,0.0,267.81906,0.12026024
2022,3,4,63,0.7836385,0.054275095,0.9191643091979509,0.0,267.6628,0.13419151
2022,3,4,63,0.7836385,0.054275095,0.9191643091979509,0.0,267.81906,0.12026024
2022,3,4,63,0.7836385,0.054275095,0.9191643091979509,0.0,267.6628,0.13419151
2022,3,12,71,0.8293728,0.046608865,0.9616438618680772,0.0,277.99405,0.13825226
2022,3,12,71,0.8293728,0.046608865,0.9616438618680772,0.0,277.76163,0.15240669
2022,3,12,71,0.8293728,0.046608865,0.9616438618680772,0.0,277.99405,0.13825226
2022,3,12,71,0.8293728,0.046608865,0.9616438618680772,0.0,277.76163,0.15240669
2022,3,16,75,0.8195466,0.06841847,0.9213242602645462,0.0,275.178,0.14184761
2022,3,16,75,0.8195466,0.06841847,0.9213242602645462,0.0,275.23074,0.15616608
2022,3,16,75,0.8195466,0.06841847,0.9213242602645462,0.0,275.178,0.14184761
2022,3,16,75,0.8195466,0.06841847,0.9213242602645462,0.0,275.23074,0.15616608
2022,3,17,76,0.84532726,0.068849355,0.9220028289624589,0.0,276.40982,0.14251709
2022,3,17,76,0.84532726,0.068849355,0.9220028289624589,0.0,276.56802,0.15731525
2022,3,17,76,0.84532726,0.068849355,0.9220028289624589,0.0,276.40982,0.14251709
2022,3,17,76,0.84532726,0.068849355,0.9220028289624589,0.0,276.56802,0.15731525
2022,3,21,80,0.8163209,0.15197647,0.8439100848688738,0.0,280.10132,0.1432085
2022,3,21,80,0.8163209,0.15197647,0.8439100848688738,0.0,279.77124,0.15721321
2022,3,21,80,0.8163209,0.15197647,0.8439100848688738,0.0,280.10132,0.1432085
2022,3,21,80,0.8163209,0.15197647,0.8439100848688738,0.0,279.77124,0.15721321
2022,3,22,81,0.78546166,0.17239892,0.8167004358131356,0.0,278.51477,0.14326668
2022,3,22,81,0.78546166,0.17239892,0.8167004358131356,0.0,278.39172,0.1566124
2022,3,22,81,0.78546166,0.17239892,0.8167004358131356,0.0,278.51477,0.14326668
2022,3,22,81,0.78546166,0.17239892,0.8167004358131356,0.0,278.39172,0.1566124
2022,3,24,83,0.7488594,0.21669555,0.7543205628202188,0.0,273.91064,0.14956665
2022,3,24,83,0.7488594,0.21669555,0.7543205628202188,0.0,273.83447,0.16193199
2022,3,24,83,0.7488594,0.21669555,0.7543205628202188,0.0,273.91064,0.14956665
2022,3,24,83,0.7488594,0.21669555,0.7543205628202188,0.0,273.83447,0.16193199
2022,3,27,86,0.12929554,0.17638251,0.0,0.0,269.1884,0.15120888
2022,3,27,86,0.12929554,0.17638251,0.0,0.0,269.163,0.16096401
2022,3,27,86,0.12929554,0.17638251,0.0,0.0,269.1884,0.15120888
2022,3,27,86,0.12929554,0.17638251,0.0,0.0,269.163,0.16096401
2022,3,31,90,0.70957094,0.11754584,0.9597043204440531,4.4345856e-05,271.466,0.15071678
2022,3,31,90,0.70957094,0.11754584,0.9597043204440531,4.4345856e-05,271.44257,0.15801048
2022,3,31,90,0.70957094,0.11754584,0.9597043204440531,4.673004e-05,271.466,0.15071678
2022,3,31,90,0.70957094,0.11754584,0.9597043204440531,4.673004e-05,271.44257,0.15801048
2022,4,3,93,0.55414695,0.10543707,0.8002089566414969,0.00010061264,271.16223,0.15251637
2022,4,3,93,0.55414695,0.10543707,0.8002089566414969,0.00010061264,271.09192,0.15810013
2022,4,3,93,0.55414695,0.10543707,0.8002089566414969,9.918213e-05,271.16223,0.15251637
2022,4,3,93,0.55414695,0.10543707,0.8002089566414969,9.918213e-05,271.09192,0.15810013
2022,4,10,100,0.8086847,0.0749681,0.9810758402757829,7.1525574e-06,277.25803,0.16121197
2022,4,10,100,0.8086847,0.0749681,0.9810758402757829,7.1525574e-06,277.26584,0.16462994
2022,4,10,100,0.8086847,0.0749681,0.9810758402757829,4.2915344e-06,277.25803,0.16121197
2022,4,10,100,0.8086847,0.0749681,0.9810758402757829,4.2915344e-06,277.26584,0.16462994
2022,4,13,103,0.34481075,0.029588446,0.1111111111111111,6.771088e-05,278.55002,0.16502666
2022,4,13,103,0.34481075,0.029588446,0.1111111111111111,6.771088e-05,278.38596,0.16959953
2022,4,13,103,0.34481075,0.029588446,0.1111111111111111,7.6293945e-05,278.55002,0.16502666
2022,4,13,103,0.34481075,0.029588446,0.1111111111111111,7.6293945e-05,278.38596,0.16959953
2022,4,15,105,0.6958522,0.09193143,0.945,1.2397766e-05,277.23938,0.16228867
2022,4,15,105,0.6958522,0.09193143,0.945,1.2397766e-05,277.11047,0.16750526
2022,4,15,105,0.6958522,0.09193143,0.945,1.2397766e-05,277.23938,0.16228867
2022,4,15,105,0.6958522,0.09193143,0.945,1.2397766e-05,277.11047,0.16750526
2022,4,16,106,0.37929118,0.008387655,0.0,0.0,278.28735,0.1627388
2022,4,16,106,0.37929118,0.008387655,0.0,0.0,278.16626,0.16804028
2022,4,16,106,0.37929118,0.008387655,0.0,0.0,278.28735,0.1627388
2022,4,16,106,0.37929118,0.008387655,0.0,0.0,278.16626,0.16804028
2022,4,18,108,0.6483119,0.29441306,0.6538535056196957,0.0,282.88013,0.14312553
2022,4,18,108,0.6483119,0.29441306,0.6538535056196957,0.0,282.81763,0.14640427
2022,4,18,108,0.6483119,0.29441306,0.6538535056196957,0.0,282.88013,0.14312553
2022,4,18,108,0.6483119,0.29441306,0.6538535056196957,0.0,282.81763,0.14640427
2022,4,20,110,0.488281,0.45531443,0.5340813517853047,0.0,283.94635,0.10883522
2022,4,20,110,0.488281,0.45531443,0.5340813517853047,0.0,283.81744,0.11029053
2022,4,20,110,0.488281,0.45531443,0.5340813517853047,0.0,283.94635,0.10883522
2022,4,20,110,0.488281,0.45531443,0.5340813517853047,0.0,283.81744,0.11029053
2022,4,21,111,0.41939914,0.4057395,0.49967677180089143,0.0,284.24448,0.097268105
2022,4,21,111,0.41939914,0.4057395,0.49967677180089143,0.0,284.0648,0.09791851
2022,4,21,111,0.41939914,0.4057395,0.49967677180089143,0.0,284.24448,0.097268105
2022,4,21,111,0.41939914,0.4057395,0.49967677180089143,0.0,284.0648,0.09791851
2022,4,26,116,0.53505635,0.030616254,1.0,1.335144e-05,274.2768,0.07573128
2022,4,26,116,0.53505635,0.030616254,1.0,1.335144e-05,274.26898,0.063874245
2022,4,26,116,0.53505635,0.030616254,1.0,1.5258789e-05,274.2768,0.07573128
2022,4,26,116,0.53505635,0.030616254,1.0,1.5258789e-05,274.26898,0.063874245
2022,11,1,305,0.053631656,0.045848906,0.0,9.536743e-07,273.3067,0.0034427643
2022,11,1,305,0.053631656,0.045848906,0.0,9.536743e-07,273.38678,0.0032901764
2022,11,1,305,0.053631656,0.045848906,0.0,4.7683716e-07,273.3067,0.0034427643
2022,11,1,305,0.053631656,0.045848906,0.0,4.7683716e-07,273.38678,0.0032901764
2022,11,2,306,0.12224777,0.036266103,0.009192037470725995,2.861023e-06,272.60248,0.0036144257
2022,11,2,306,0.12224777,0.036266103,0.009192037470725995,2.861023e-06,272.581,0.0032253265
2022,11,2,306,0.12224777,0.036266103,0.009192037470725995,1.9073486e-06,272.60248,0.0036144257
2022,11,2,306,0.12224777,0.036266103,0.009192037470725995,1.9073486e-06,272.581,0.0032253265
2023,1,31,31,0.352252,0.033749834,0.0005112474437627812,9.536743e-07,267.17886,0.13355732
2023,1,31,31,0.352252,0.033749834,0.0005112474437627812,9.536743e-07,267.3527,0.13346195
2023,1,31,31,0.352252,0.033749834,0.0005112474437627812,1.9073486e-06,267.17886,0.13355732
2023,1,31,31,0.352252,0.033749834,0.0005112474437627812,1.9073486e-06,267.3527,0.13346195
2023,2,4,35,0.56159455,0.043809414,0.9890075831146559,2.861023e-06,258.97995,0.12946796
2023,2,4,35,0.56159455,0.043809414,0.9890075831146559,2.861023e-06,259.0659,0.13000298
2023,2,4,35,0.56159455,0.043809414,0.9890075831146559,3.33786e-06,258.97995,0.12946796
2023,2,4,35,0.56159455,0.043809414,0.9890075831146559,3.33786e-06,259.0659,0.13000298
2023,2,15,46,0.42619312,0.036400974,0.5421645902195101,1.5258789e-05,268.2505,0.13577652
2023,2,15,46,0.42619312,0.036400974,0.5421645902195101,1.5258789e-05,268.52393,0.13789463
2023,2,15,46,0.42619312,0.036400974,0.5421645902195101,9.536743e-06,268.2505,0.13577652
2023,2,15,46,0.42619312,0.036400974,0.5421645902195101,9.536743e-06,268.52393,0.13789463
2023,2,17,48,0.36988738,0.023958936,0.0024958402662229617,8.583069e-06,272.14008,0.14194584
2023,2,17,48,0.36988738,0.023958936,0.0024958402662229617,8.583069e-06,272.2807,0.14424324
2023,2,17,48,0.36988738,0.023958936,0.0024958402662229617,1.1920929e-05,272.14008,0.14194584
2023,2,17,48,0.36988738,0.023958936,0.0024958402662229617,1.1920929e-05,272.2807,0.14424324
2023,2,22,53,0.59704703,0.051575333,0.9297474669941664,3.8146973e-06,255.90231,0.15215206
2023,2,22,53,0.59704703,0.051575333,0.9297474669941664,3.8146973e-06,255.81638,0.1581335
2023,2,22,53,0.59704703,0.051575333,0.9297474669941664,3.8146973e-06,255.90231,0.15215206
2023,2,22,53,0.59704703,0.051575333,0.9297474669941664,3.8146973e-06,255.81638,0.1581335
2023,2,24,55,0.44005144,0.09933205,0.5531748785565579,0.0,265.59808,0.15059376
2023,2,24,55,0.44005144,0.09933205,0.5531748785565579,0.0,265.5551,0.1562481
2023,2,24,55,0.44005144,0.09933205,0.5531748785565579,0.0,265.59808,0.15059376
2023,2,24,55,0.44005144,0.09933205,0.5531748785565579,0.0,265.5551,0.1562481
2023,2,25,56,0.7463074,0.030383319,0.9990632766201492,0.0,264.05414,0.14851189
2023,2,25,56,0.7463074,0.030383319,0.9990632766201492,0.0,263.89594,0.15438843
2023,2,25,56,0.7463074,0.030383319,0.9990632766201492,0.0,264.05414,0.14851189
2023,2,25,56,0.7463074,0.030383319,0.9990632766201492,0.0,263.89594,0.15438843
2023,3,1,60,0.6852216,0.09013754,0.9501047120418848,4.7683716e-07,273.16443,0.14270878
2023,3,1,60,0.6852216,0.09013754,0.9501047120418848,4.7683716e-07,272.9496,0.14679241
2023,3,1,60,0.6852216,0.09013754,0.9501047120418848,4.7683716e-07,273.16443,0.14270878
2023,3,1,60,0.6852216,0.09013754,0.9501047120418848,4.7683716e-07,272.9496,0.14679241
2023,3,2,61,0.7127639,0.06958696,0.8701760922425288,0.0,274.37653,0.14344025
2023,3,2,61,0.7127639,0.06958696,0.8701760922425288,0.0,274.0562,0.14729214
2023,3,2,61,0.7127639,0.06958696,0.8701760922425288,0.0,274.37653,0.14344025
2023,3,2,61,0.7127639,0.06958696,0.8701760922425288,0.0,274.0562,0.14729214
2023,3,16,75,0.7104739,0.039049834,0.9278423426867497,0.0,269.9926,0.16878796
2023,3,16,75,0.7104739,0.039049834,0.9278423426867497,0.0,269.84418,0.16848373
2023,3,16,75,0.7104739,0.039049834,0.9278423426867497,0.0,269.9926,0.16878796
2023,3,16,75,0.7104739,0.039049834,0.9278423426867497,0.0,269.84418,0.16848373
2023,3,17,76,0.69857436,0.08748549,0.9059152430746898,0.0,268.7628,0.16813278
2023,3,17,76,0.69857436,0.08748549,0.9059152430746898,0.0,268.70224,0.1676693
2023,3,17,76,0.69857436,0.08748549,0.9059152430746898,0.0,268.7628,0.16813278
2023,3,17,76,0.69857436,0.08748549,0.9059152430746898,0.0,268.70224,0.1676693
2023,3,19,78,0.75591296,0.031285048,0.9857395461540981,0.0,271.39795,0.18299866
2023,3,19,78,0.75591296,0.031285048,0.9857395461540981,0.0,271.35303,0.18392181
2023,3,19,78,0.75591296,0.031285048,0.9857395461540981,0.0,271.39795,0.18299866
2023,3,19,78,0.75591296,0.031285048,0.9857395461540981,0.0,271.35303,0.18392181
2023,3,21,80,0.6751478,0.04140979,0.9206708236540735,9.536743e-07,271.41348,0.18866158
2023,3,21,80,0.6751478,0.04140979,0.9206708236540735,9.536743e-07,271.11856,0.18960285
2023,3,21,80,0.6751478,0.04140979,0.9206708236540735,9.536743e-07,271.41348,0.18866158
2023,3,21,80,0.6751478,0.04140979,0.9206708236540735,9.536743e-07,271.11856,0.18960285
2023,3,22,81,0.6611296,0.103749156,0.8658595918834607,0.0,270.7379,0.18660831
2023,3,22,81,0.6611296,0.103749156,0.8658595918834607,0.0,270.58167,0.18784428
2023,3,22,81,0.6611296,0.103749156,0.8658595918834607,0.0,270.7379,0.18660831
2023,3,22,81,0.6611296,0.103749156,0.8658595918834607,0.0,270.58167,0.18784428
2023,3,26,85,0.8116743,0.055114567,0.9343314790705014,0.0,267.83698,0.18182659
2023,3,26,85,0.8116743,0.055114567,0.9343314790705014,0.0,267.75104,0.18367767
2023,3,26,85,0.8116743,0.055114567,0.9343314790705014,0.0,267.83698,0.18182659
2023,3,26,85,0.8116743,0.055114567,0.9343314790705014,0.0,267.75104,0.18367767
2023,3,27,86,0.6897551,0.110911846,0.8896421182374433,0.0,267.47052,0.18319225
2023,3,27,86,0.6897551,0.110911846,0.8896421182374433,0.0,267.4295,0.1851492
2023,3,27,86,0.6897551,0.110911846,0.8896421182374433,0.0,267.47052,0.18319225
2023,3,27,86,0.6897551,0.110911846,0.8896421182374433,0.0,267.4295,0.1851492
2023,3,29,88,0.618826,0.03160277,1.0,0.00024604797,269.46585,0.18713665
2023,3,29,88,0.618826,0.03160277,1.0,0.00024604797,269.48734,0.19021034
2023,3,29,88,0.618826,0.03160277,1.0,0.00024414062,269.46585,0.18713665
2023,3,29,88,0.618826,0.03160277,1.0,0.00024414062,269.48734,0.19021034
2023,4,1,91,0.818979,0.0692513,0.9598156718879637,3.2424927e-05,273.20813,0.19028759
2023,4,1,91,0.818979,0.0692513,0.9598156718879637,3.2424927e-05,273.04797,0.19270134
2023,4,1,91,0.818979,0.0692513,0.9598156718879637,1.7166138e-05,273.20813,0.19028759
2023,4,1,91,0.818979,0.0692513,0.9598156718879637,1.7166138e-05,273.04797,0.19270134
2023,4,3,93,0.8044374,0.07892901,0.9405900628715415,0.0,272.398,0.19101143
2023,4,3,93,0.8044374,0.07892901,0.9405900628715415,0.0,272.34918,0.19330406
2023,4,3,93,0.8044374,0.07892901,0.9405900628715415,0.0,272.398,0.19101143
2023,4,3,93,0.8044374,0.07892901,0.9405900628715415,0.0,272.34918,0.19330406
2023,4,6,96,0.8388519,0.07236752,0.930916330085565,0.0,278.38467,0.1894846
2023,4,6,96,0.8388519,0.07236752,0.930916330085565,0.0,278.3671,0.19278812
2023,4,6,96,0.8388519,0.07236752,0.930916330085565,0.0,278.38467,0.1894846
2023,4,6,96,0.8388519,0.07236752,0.930916330085565,0.0,278.3671,0.19278812
2023,4,8,98,0.8269162,0.13966864,0.8611036776511966,0.0,279.18918,0.1847887
2023,4,8,98,0.8269162,0.13966864,0.8611036776511966,0.0,279.07394,0.18876839
2023,4,8,98,0.8269162,0.13966864,0.8611036776511966,0.0,279.18918,0.1847887
2023,4,8,98,0.8269162,0.13966864,0.8611036776511966,0.0,279.07394,0.18876839
2023,4,10,100,0.76600134,0.20063043,0.779761449652114,0.0,280.70462,0.17930984
2023,4,10,100,0.76600134,0.20063043,0.779761449652114,0.0,280.55618,0.18421555
2023,4,10,100,0.76600134,0.20063043,0.779761449652114,0.0,280.70462,0.17930984
2023,4,10,100,0.76600134,0.20063043,0.779761449652114,0.0,280.55618,0.18421555
2023,4,11,101,0.736421,0.22961459,0.7479356219894487,0.0,279.8484,0.17329216
2023,4,11,101,0.736421,0.22961459,0.7479356219894487,0.0,279.81323,0.17846298
2023,4,11,101,0.736421,0.22961459,0.7479356219894487,0.0,279.8484,0.17329216
2023,4,11,101,0.736421,0.22961459,0.7479356219894487,0.0,279.81323,0.17846298
2023,4,13,103,0.69410884,0.26603585,0.6897852972806883,0.0,275.76038,0.1701498
2023,4,13,103,0.69410884,0.26603585,0.6897852972806883,0.0,275.55725,0.17625427
2023,4,13,103,0.69410884,0.26603585,0.6897852972806883,0.0,275.76038,0.1701498
2023,4,13,103,0.69410884,0.26603585,0.6897852972806883,0.0,275.55725,0.17625427
2023,4,15,105,0.66220117,0.2922663,0.656708348079116,0.0,278.56152,0.17030048
2023,4,15,105,0.66220117,0.2922663,0.656708348079116,0.0,278.50684,0.17728615
2023,4,15,105,0.66220117,0.2922663,0.656708348079116,0.0,278.56152,0.17030048
2023,4,15,105,0.66220117,0.2922663,0.656708348079116,0.0,278.50684,0.17728615
2023,4,16,106,0.052405085,0.123600155,0.10834553440702782,0.0,279.42108,0.17228603
2023,4,16,106,0.052405085,0.123600155,0.10834553440702782,0.0,279.33124,0.17901325
2023,4,16,106,0.052405085,0.123600155,0.10834553440702782,0.0,279.42108,0.17228603
2023,4,16,106,0.052405085,0.123600155,0.10834553440702782,0.0,279.33124,0.17901325
2023,4,18,108,0.8125088,0.037412286,0.8894230769230769,0.0,280.7213,0.16800308
2023,4,18,108,0.8125088,0.037412286,0.8894230769230769,0.0,280.51038,0.17579746
2023,4,18,108,0.8125088,0.037412286,0.8894230769230769,0.0,280.7213,0.16800308
2023,4,18,108,0.8125088,0.037412286,0.8894230769230769,0.0,280.51038,0.17579746
2023,4,20,110,0.36910492,0.26490995,0.4642857142857143,0.0,283.32184,0.13294125
2023,4,20,110,0.36910492,0.26490995,0.4642857142857143,0.0,283.107,0.1397419
2023,4,20,110,0.36910492,0.26490995,0.4642857142857143,0.0,283.32184,0.13294125
2023,4,20,110,0.36910492,0.26490995,0.4642857142857143,0.0,283.107,0.1397419
2023,4,21,111,0.32503307,0.5145492,0.46163697530392234,0.0,281.96112,0.111927986
2023,4,21,111,0.32503307,0.5145492,0.46163697530392234,0.0,281.71503,0.11593914
2023,4,21,111,0.32503307,0.5145492,0.46163697530392234,0.0,281.96112,0.111927986
2023,4,21,111,0.32503307,0.5145492,0.46163697530392234,0.0,281.71503,0.11593914
2023,4,23,113,0.38980564,0.53324467,0.48943908965732247,3.8146973e-06,275.53455,0.09832382
2023,4,23,113,0.38980564,0.53324467,0.48943908965732247,3.8146973e-06,275.46423,0.10056019
2023,4,23,113,0.38980564,0.53324467,0.48943908965732247,4.7683716e-06,275.53455,0.09832382
2023,4,23,113,0.38980564,0.53324467,0.48943908965732247,4.7683716e-06,275.46423,0.10056019
2023,4,26,116,0.59849906,0.30597633,0.5921975537649992,0.0,280.32083,0.086117744
2023,4,26,116,0.59849906,0.30597633,0.5921975537649992,0.0,280.10208,0.08859062
2023,4,26,116,0.59849906,0.30597633,0.5921975537649992,0.0,280.32083,0.086117744
2023,4,26,116,0.59849906,0.30597633,0.5921975537649992,0.0,280.10208,0.08859062
2023,11,1,305,0.5091249,0.10547899,0.7170042575151593,1.9073486e-06,267.90784,0.022587776
2023,11,1,305,0.5091249,0.10547899,0.7170042575151593,1.9073486e-06,267.9391,0.021511078
2023,11,1,305,0.5091249,0.10547899,0.7170042575151593,1.9073486e-06,267.90784,0.022587776
2023,11,1,305,0.5091249,0.10547899,0.7170042575151593,1.9073486e-06,267.9391,0.021511078
2023,11,4,308,0.4583431,0.01819408,0.75,8.72612e-05,269.36957,0.023142815
2023,11,4,308,0.4583431,0.01819408,0.75,8.72612e-05,269.3676,0.022295952
2023,11,4,308,0.4583431,0.01819408,0.75,7.343292e-05,269.36957,0.023142815
2023,11,4,308,0.4583431,0.01819408,0.75,7.343292e-05,269.3676,0.022295952
2023,11,7,311,0.5008191,0.02722016,0.8833333333333333,5.340576e-05,273.60406,0.022565842
2023,11,7,311,0.5008191,0.02722016,0.8833333333333333,5.340576e-05,273.5572,0.020701408
2023,11,7,311,0.5008191,0.02722016,0.8833333333333333,4.005432e-05,273.60406,0.022565842
2023,11,7,311,0.5008191,0.02722016,0.8833333333333333,4.005432e-05,273.5572,0.020701408
2023,11,11,315,0.5943208,0.06433579,0.9200365349485626,9.536743e-07,263.78516,0.035785675
2023,11,11,315,0.5943208,0.06433579,0.9200365349485626,9.536743e-07,264.08984,0.03360653
2023,11,11,315,0.5943208,0.06433579,0.9200365349485626,9.536743e-07,263.78516,0.035785675
2023,11,11,315,0.5943208,0.06433579,0.9200365349485626,9.536743e-07,264.08984,0.03360653
2024,1,30,30,0.83126616,0.076012045,0.8950034538337555,0.0,274.96133,0.13588047
2024,1,30,30,0.83126616,0.076012045,0.8950034538337555,0.0,274.80118,0.13028908
2024,1,30,30,0.83126616,0.076012045,0.8950034538337555,0.0,274.96133,0.13588047
2024,1,30,30,0.83126616,0.076012045,0.8950034538337555,0.0,274.80118,0.13028908
2024,2,2,33,0.71178555,0.07556951,0.8864263010760923,0.0,264.5427,0.14911175
2024,2,2,33,0.71178555,0.07556951,0.8864263010760923,0.0,264.4177,0.14242649
2024,2,2,33,0.71178555,0.07556951,0.8864263010760923,0.0,264.5427,0.14911175
2024,2,2,33,0.71178555,0.07556951,0.8864263010760923,0.0,264.4177,0.14242649
2024,2,5,36,0.3287933,0.042466998,0.0,2.8133392e-05,265.546,0.15775585
2024,2,5,36,0.3287933,0.042466998,0.0,2.8133392e-05,265.42685,0.1522932
2024,2,5,36,0.3287933,0.042466998,0.0,2.2888184e-05,265.546,0.15775585
2024,2,5,36,0.3287933,0.042466998,0.0,2.2888184e-05,265.42685,0.1522932
2024,2,10,41,0.60161084,0.053747535,0.93817138593354,3.8146973e-06,253.98795,0.15524387
2024,2,10,41,0.60161084,0.053747535,0.93817138593354,3.8146973e-06,254.12076,0.15112686
2024,2,10,41,0.60161084,0.053747535,0.93817138593354,4.7683716e-06,253.98795,0.15524387
2024,2,10,41,0.60161084,0.053747535,0.93817138593354,4.7683716e-06,254.12076,0.15112686
2024,2,12,43,0.58704317,0.039684176,0.9683785253671043,2.7179718e-05,251.40367,0.1541977
2024,2,12,43,0.58704317,0.039684176,0.9683785253671043,2.7179718e-05,251.65172,0.15082264
2024,2,12,43,0.58704317,0.039684176,0.9683785253671043,2.002716e-05,251.40367,0.1541977
2024,2,12,43,0.58704317,0.039684176,0.9683785253671043,2.002716e-05,251.65172,0.15082264
2024,2,14,45,0.5882703,0.022030145,0.9981547897499871,0.00014019012,260.82193,0.15380001
2024,2,14,45,0.5882703,0.022030145,0.9981547897499871,0.00014019012,260.7731,0.15080738
2024,2,14,45,0.5882703,0.022030145,0.9981547897499871,0.00015068054,260.82193,0.15380001
2024,2,14,45,0.5882703,0.022030145,0.9981547897499871,0.00015068054,260.7731,0.15080738
2024,2,15,46,0.37939298,0.0075379163,0.0,0.00011110306,263.23523,0.15407658
2024,2,15,46,0.37939298,0.0075379163,0.0,0.00011110306,263.036,0.15146732
2024,2,15,46,0.37939298,0.0075379163,0.0,0.00011587143,263.23523,0.15407658
2024,2,15,46,0.37939298,0.0075379163,0.0,0.00011587143,263.036,0.15146732
2024,2,19,50,0.7503927,0.069227695,0.9733829038917349,0.0,262.1272,0.1530428
2024,2,19,50,0.7503927,0.069227695,0.9733829038917349,0.0,262.19946,0.15033054
2024,2,19,50,0.7503927,0.069227695,0.9733829038917349,0.0,262.1272,0.1530428
2024,2,19,50,0.7503927,0.069227695,0.9733829038917349,0.0,262.19946,0.15033054
2024,2,24,55,0.32438654,0.030522317,0.0,2.861023e-06,274.95807,0.16665459
2024,2,24,55,0.32438654,0.030522317,0.0,2.861023e-06,275.02643,0.16560173
2024,2,24,55,0.32438654,0.030522317,0.0,3.8146973e-06,274.95807,0.16665459
2024,2,24,55,0.32438654,0.030522317,0.0,3.8146973e-06,275.02643,0.16560173
2024,2,25,56,0.3674515,0.024126187,0.007152145643693108,1.1444092e-05,272.7767,0.16442966
2024,2,25,56,0.3674515,0.024126187,0.007152145643693108,1.1444092e-05,272.8763,0.16208744
2024,2,25,56,0.3674515,0.024126187,0.007152145643693108,1.1920929e-05,272.7767,0.16442966
2024,2,25,56,0.3674515,0.024126187,0.007152145643693108,1.1920929e-05,272.8763,0.16208744
2024,2,27,58,0.35344416,0.025195286,0.0,0.0,271.07864,0.16688824
2024,2,27,58,0.35344416,0.025195286,0.0,0.0,271.2427,0.16410446
2024,2,27,58,0.35344416,0.025195286,0.0,0.0,271.07864,0.16688824
2024,2,27,58,0.35344416,0.025195286,0.0,0.0,271.2427,0.16410446
2024,2,29,60,0.3425116,0.015225247,0.0,9.536743e-07,273.52234,0.1753788
2024,2,29,60,0.3425116,0.015225247,0.0,9.536743e-07,273.60437,0.17229652
2024,2,29,60,0.3425116,0.015225247,0.0,0.0,273.52234,0.1753788
2024,2,29,60,0.3425116,0.015225247,0.0,0.0,273.60437,0.17229652
2024,3,8,68,0.3664418,0.023020685,0.0,3.385544e-05,272.50714,0.18402576
2024,3,8,68,0.3664418,0.023020685,0.0,3.385544e-05,272.3548,0.1786995
2024,3,8,68,0.3664418,0.023020685,0.0,1.7166138e-05,272.50714,0.18402576
2024,3,8,68,0.3664418,0.023020685,0.0,1.7166138e-05,272.3548,0.1786995
2024,3,11,71,0.7867691,0.1192292,0.8328012693072335,0.0,276.262,0.19131565
2024,3,11,71,0.7867691,0.1192292,0.8328012693072335,0.0,276.15652,0.18483257
2024,3,11,71,0.7867691,0.1192292,0.8328012693072335,0.0,276.262,0.19131565
2024,3,11,71,0.7867691,0.1192292,0.8328012693072335,0.0,276.15652,0.18483257
2024,3,13,73,0.7879875,0.15488356,0.8089881762059223,3.4809113e-05,270.56744,0.19477367
2024,3,13,73,0.7879875,0.15488356,0.8089881762059223,3.4809113e-05,270.7237,0.1875782
2024,3,13,73,0.7879875,0.15488356,0.8089881762059223,3.5762787e-05,270.56744,0.19477367
2024,3,13,73,0.7879875,0.15488356,0.8089881762059223,3.5762787e-05,270.7237,0.1875782
2024,3,16,76,0.58706796,0.06178099,0.9962034927866363,5.722046e-06,270.21713,0.22313023
2024,3,16,76,0.58706796,0.06178099,0.9962034927866363,5.722046e-06,270.16245,0.21617222
2024,3,16,76,0.58706796,0.06178099,0.9962034927866363,8.583069e-06,270.21713,0.22313023
2024,3,16,76,0.58706796,0.06178099,0.9962034927866363,8.583069e-06,270.16245,0.21617222
2024,3,18,78,0.7780667,0.07470915,0.9170543879351837,0.0,269.75516,0.22006989
2024,3,18,78,0.7780667,0.07470915,0.9170543879351837,0.0,269.6497,0.21293926
2024,3,18,78,0.7780667,0.07470915,0.9170543879351837,0.0,269.75516,0.22006989
2024,3,18,78,0.7780667,0.07470915,0.9170543879351837,0.0,269.6497,0.21293926
2024,3,20,80,0.37698954,0.027315497,0.04411764705882353,9.536743e-07,272.3357,0.22107983
2024,3,20,80,0.37698954,0.027315497,0.04411764705882353,9.536743e-07,272.44116,0.21368504
2024,3,20,80,0.37698954,0.027315497,0.04411764705882353,9.536743e-07,272.3357,0.22107983
2024,3,20,80,0.37698954,0.027315497,0.04411764705882353,9.536743e-07,272.44116,0.21368504
2024,3,23,83,0.5476108,0.05760199,0.9702212781753315,4.5776367e-05,270.5771,0.22772026
2024,3,23,83,0.5476108,0.05760199,0.9702212781753315,4.5776367e-05,270.4599,0.21869469
2024,3,23,83,0.5476108,0.05760199,0.9702212781753315,3.9100647e-05,270.5771,0.22772026
2024,3,23,83,0.5476108,0.05760199,0.9702212781753315,3.9100647e-05,270.4599,0.21869469
2024,3,25,85,0.74956936,0.06752759,0.9083741111705788,0.0,267.30746,0.2250967
2024,3,25,85,0.74956936,0.06752759,0.9083741111705788,0.0,267.34067,0.21506405
2024,3,25,85,0.74956936,0.06752759,0.9083741111705788,4.7683716e-07,267.30746,0.2250967
2024,3,25,85,0.74956936,0.06752759,0.9083741111705788,4.7683716e-07,267.34067,0.21506405
2024,3,26,86,0.6091068,0.11179927,0.9157835788748169,5.722046e-06,268.3188,0.22561932
2024,3,26,86,0.6091068,0.11179927,0.9157835788748169,5.722046e-06,268.41644,0.21545982
2024,3,26,86,0.6091068,0.11179927,0.9157835788748169,1.335144e-05,268.3188,0.22561932
2024,3,26,86,0.6091068,0.11179927,0.9157835788748169,1.335144e-05,268.41644,0.21545982
2024,4,2,93,0.70049816,0.13840795,0.8304913966826849,0.0,268.10495,0.24473763
2024,4,2,93,0.70049816,0.13840795,0.8304913966826849,0.0,268.04245,0.23180294
2024,4,2,93,0.70049816,0.13840795,0.8304913966826849,0.0,268.10495,0.24473763
2024,4,2,93,0.70049816,0.13840795,0.8304913966826849,0.0,268.04245,0.23180294
2024,4,4,95,0.70389116,0.08966482,0.906537560324628,0.0,267.9986,0.24494267
2024,4,4,95,0.70389116,0.08966482,0.906537560324628,0.0,267.91266,0.23092747
2024,4,4,95,0.70389116,0.08966482,0.906537560324628,0.0,267.9986,0.24494267
2024,4,4,95,0.70389116,0.08966482,0.906537560324628,0.0,267.91266,0.23092747
2024,4,5,96,0.71083564,0.08353239,0.9340888229894796,0.0,268.9334,0.2436533
2024,4,5,96,0.71083564,0.08353239,0.9340888229894796,0.0,268.8709,0.22923851
2024,4,5,96,0.71083564,0.08353239,0.9340888229894796,0.0,268.9334,0.2436533
2024,4,5,96,0.71083564,0.08353239,0.9340888229894796,0.0,268.8709,0.22923851
2024,4,12,103,0.64876795,0.20767882,0.7644536652835408,0.0,279.21405,0.22192478
2024,4,12,103,0.64876795,0.20767882,0.7644536652835408,0.0,279.0031,0.20235634
2024,4,12,103,0.64876795,0.20767882,0.7644536652835408,0.0,279.21405,0.22192478
2024,4,12,103,0.64876795,0.20767882,0.7644536652835408,0.0,279.0031,0.20235634
2024,4,14,105,0.6699413,0.2580698,0.6830589662601712,0.0,280.66086,0.19628525
2024,4,14,105,0.6699413,0.2580698,0.6830589662601712,0.0,280.45773,0.17592621
2024,4,14,105,0.6699413,0.2580698,0.6830589662601712,0.0,280.66086,0.19628525
2024,4,14,105,0.6699413,0.2580698,0.6830589662601712,0.0,280.45773,0.17592621
2024,4,17,108,0.43941146,0.11809464,0.5375264270613108,0.0,272.75885,0.18204689
2024,4,17,108,0.43941146,0.11809464,0.5375264270613108,0.0,272.61823,0.15731621
2024,4,17,108,0.43941146,0.11809464,0.5375264270613108,0.0,272.75885,0.18204689
2024,4,17,108,0.43941146,0.11809464,0.5375264270613108,0.0,272.61823,0.15731621
2024,4,19,110,0.186364,0.25552592,0.2905508985942138,0.0,271.86676,0.18216419
2024,4,19,110,0.186364,0.25552592,0.2905508985942138,0.0,271.71832,0.1563282
2024,4,19,110,0.186364,0.25552592,0.2905508985942138,0.0,271.86676,0.18216419
2024,4,19,110,0.186364,0.25552592,0.2905508985942138,0.0,271.71832,0.1563282
2024,4,22,113,0.47835225,0.08703257,0.6810473073490033,1.4305115e-06,270.56683,0.18497753
2024,4,22,113,0.47835225,0.08703257,0.6810473073490033,1.4305115e-06,270.55902,0.15597916
2024,4,22,113,0.47835225,0.08703257,0.6810473073490033,1.4305115e-06,270.56683,0.18497753
2024,4,22,113,0.47835225,0.08703257,0.6810473073490033,1.4305115e-06,270.55902,0.15597916
2024,4,24,115,0.34368348,0.004865676,0.0,5.8174133e-05,276.0882,0.19896317
2024,4,24,115,0.34368348,0.004865676,0.0,5.8174133e-05,276.06866,0.16554832
2024,4,24,115,0.34368348,0.004865676,0.0,3.6239624e-05,276.0882,0.19896317
2024,4,24,115,0.34368348,0.004865676,0.0,3.6239624e-05,276.06866,0.16554832
2024,4,25,116,0.67880654,0.11332774,0.8942378724452106,0.0,277.42035,0.19750786
2024,4,25,116,0.67880654,0.11332774,0.8942378724452106,0.0,277.42426,0.16335583
2024,4,25,116,0.67880654,0.11332774,0.8942378724452106,0.0,277.42035,0.19750786
2024,4,25,116,0.67880654,0.11332774,0.8942378724452106,0.0,277.42426,0.16335583
2024,11,5,310,0.3590794,0.014717445,0.0,2.1457672e-05,273.20093,0.012217522
2024,11,5,310,0.3590794,0.014717445,0.0,2.1457672e-05,273.28882,0.014427185
2024,11,5,310,0.3590794,0.014717445,0.0,3.194809e-05,273.20093,0.012217522
2024,11,5,310,0.3590794,0.014717445,0.0,3.194809e-05,273.28882,0.014427185
2025,2,3,34,0.7200583,0.04684609,0.9844484802141082,6.67572e-06,260.65518,0.07883358
2025,2,3,34,0.7200583,0.04684609,0.9844484802141082,6.67572e-06,260.63565,0.088383675
2025,2,3,34,0.7200583,0.04684609,0.9844484802141082,5.722046e-06,260.65518,0.07883358
2025,2,3,34,0.7200583,0.04684609,0.9844484802141082,5.722046e-06,260.63565,0.088383675
2025,2,8,39,0.35867018,0.022109225,0.0,3.8146973e-06,270.85168,0.08482838
2025,2,8,39,0.35867018,0.022109225,0.0,3.8146973e-06,270.9259,0.09600258
2025,2,8,39,0.35867018,0.022109225,0.0,2.3841858e-06,270.85168,0.08482838
2025,2,8,39,0.35867018,0.022109225,0.0,2.3841858e-06,270.9259,0.09600258
2025,2,13,44,0.8657689,0.046655715,0.9877284196039453,0.0,265.51788,0.0866642
2025,2,13,44,0.8657689,0.046655715,0.9877284196039453,0.0,265.32843,0.09920025
2025,2,13,44,0.8657689,0.046655715,0.9877284196039453,0.0,265.51788,0.0866642
2025,2,13,44,0.8657689,0.046655715,0.9877284196039453,0.0,265.32843,0.09920025
2025,2,14,45,0.80452067,0.06394479,0.8995813900145271,2.2411346e-05,265.19055,0.08484173
2025,2,14,45,0.80452067,0.06394479,0.8995813900145271,2.2411346e-05,264.96985,0.09749031
2025,2,14,45,0.80452067,0.06394479,0.8995813900145271,2.4795532e-05,265.19055,0.08484173
2025,2,14,45,0.80452067,0.06394479,0.8995813900145271,2.4795532e-05,264.96985,0.09749031
2025,2,16,47,0.5721309,0.027123868,0.9995994392149009,3.671646e-05,264.43988,0.087091446
2025,2,16,47,0.5721309,0.027123868,0.9995994392149009,3.671646e-05,264.15082,0.10040188
2025,2,16,47,0.5721309,0.027123868,0.9995994392149009,3.4332275e-05,264.43988,0.087091446
2025,2,16,47,0.5721309,0.027123868,0.9995994392149009,3.4332275e-05,264.15082,0.10040188
2025,2,18,49,0.7093582,0.061963677,0.891435671955649,0.0,267.61475,0.08738899
2025,2,18,49,0.7093582,0.061963677,0.891435671955649,0.0,267.45068,0.10127926
2025,2,18,49,0.7093582,0.061963677,0.891435671955649,0.0,267.61475,0.08738899
2025,2,18,49,0.7093582,0.061963677,0.891435671955649,0.0,267.45068,0.10127926
2025,2,19,50,0.5483871,0.03300953,0.9920453506446009,5.722046e-06,267.56287,0.08687019
2025,2,19,50,0.5483871,0.03300953,0.9920453506446009,5.722046e-06,267.07068,0.101602554
2025,2,19,50,0.5483871,0.03300953,0.9920453506446009,5.722046e-06,267.56287,0.08687019
2025,2,19,50,0.5483871,0.03300953,0.9920453506446009,5.722046e-06,267.07068,0.101602554
2025,2,28,59,0.35897827,0.015780002,0.0,2.0980835e-05,272.20197,0.07019901
2025,2,28,59,0.35897827,0.015780002,0.0,2.0980835e-05,272.4969,0.08251953
2025,2,28,59,0.35897827,0.015780002,0.0,2.1457672e-05,272.20197,0.07019901
2025,2,28,59,0.35897827,0.015780002,0.0,2.1457672e-05,272.4969,0.08251953
2025,3,6,65,0.38100857,0.011192977,0.0,1.9073486e-05,272.03748,0.07844734
2025,3,6,65,0.38100857,0.011192977,0.0,1.9073486e-05,271.95154,0.090518
2025,3,6,65,0.38100857,0.011192977,0.0,1.8119812e-05,272.03748,0.07844734
2025,3,6,65,0.38100857,0.011192977,0.0,1.8119812e-05,271.95154,0.090518
2025,3,10,69,0.8016939,0.1145958,0.8985489140880262,0.0,269.5045,0.082995415
2025,3,10,69,0.8016939,0.1145958,0.8985489140880262,0.0,269.60605,0.09539032
2025,3,10,69,0.8016939,0.1145958,0.8985489140880262,0.0,269.5045,0.082995415
2025,3,10,69,0.8016939,0.1145958,0.8985489140880262,0.0,269.60605,0.09539032
2025,3,11,70,0.71363974,0.1068517,0.8893933022402324,0.0,268.40723,0.08289623
2025,3,11,70,0.71363974,0.1068517,0.8893933022402324,0.0,268.18262,0.09541035
2025,3,11,70,0.71363974,0.1068517,0.8893933022402324,0.0,268.40723,0.08289623
2025,3,11,70,0.71363974,0.1068517,0.8893933022402324,0.0,268.18262,0.09541035
2025,3,13,72,0.5422716,0.071412146,0.8775109674440084,3.8146973e-06,267.6405,0.0826807
2025,3,13,72,0.5422716,0.071412146,0.8775109674440084,3.8146973e-06,267.37488,0.095044136
2025,3,13,72,0.5422716,0.071412146,0.8775109674440084,4.7683716e-06,267.6405,0.0826807
2025,3,13,72,0.5422716,0.071412146,0.8775109674440084,4.7683716e-06,267.37488,0.095044136
2025,3,16,75,0.6154369,0.10253698,0.8299031476997578,7.6293945e-06,268.1895,0.08250332
2025,3,16,75,0.6154369,0.10253698,0.8299031476997578,7.6293945e-06,267.94147,0.095160484
2025,3,16,75,0.6154369,0.10253698,0.8299031476997578,7.6293945e-06,268.1895,0.08250332
2025,3,16,75,0.6154369,0.10253698,0.8299031476997578,7.6293945e-06,267.94147,0.095160484
2025,3,20,79,0.7042665,0.14723498,0.8380939223338975,0.0,271.64966,0.08517265
2025,3,20,79,0.7042665,0.14723498,0.8380939223338975,0.0,271.41528,0.097919464
2025,3,20,79,0.7042665,0.14723498,0.8380939223338975,0.0,271.64966,0.08517265
2025,3,20,79,0.7042665,0.14723498,0.8380939223338975,0.0,271.41528,0.097919464
2025,3,21,80,0.7476598,0.1356475,0.8227354529094181,0.0,272.9073,0.08549976
2025,3,21,80,0.7476598,0.1356475,0.8227354529094181,0.0,272.63385,0.09839153
2025,3,21,80,0.7476598,0.1356475,0.8227354529094181,0.0,272.9073,0.08549976
2025,3,21,80,0.7476598,0.1356475,0.8227354529094181,0.0,272.63385,0.09839153
2025,3,23,82,0.79401267,0.13880175,0.8389594005657925,0.0,277.8258,0.08755016
2025,3,23,82,0.79401267,0.13880175,0.8389594005657925,0.0,277.59534,0.10105801
2025,3,23,82,0.79401267,0.13880175,0.8389594005657925,0.0,277.8258,0.08755016
2025,3,23,82,0.79401267,0.13880175,0.8389594005657925,0.0,277.59534,0.10105801
2025,3,25,84,0.6502874,0.100233555,0.8894428152492668,0.00013780594,277.26608,0.09305191
2025,3,25,84,0.6502874,0.100233555,0.8894428152492668,0.00013780594,277.04343,0.10580444
2025,3,25,84,0.6502874,0.100233555,0.8894428152492668,7.05719e-05,277.26608,0.09305191
2025,3,25,84,0.6502874,0.100233555,0.8894428152492668,7.05719e-05,277.04343,0.10580444
2025,4,1,91,0.6017376,0.26640335,0.661439032998059,0.0,278.05817,0.072024345
2025,4,1,91,0.6017376,0.26640335,0.661439032998059,0.0,277.9605,0.08184242
2025,4,1,91,0.6017376,0.26640335,0.661439032998059,0.0,278.05817,0.072024345
2025,4,1,91,0.6017376,0.26640335,0.661439032998059,0.0,277.9605,0.08184242
2025,4,2,92,0.08197519,0.078494504,0.01126126126126126,0.0,280.2425,0.06641579
2025,4,2,92,0.08197519,0.078494504,0.01126126126126126,0.0,280.0589,0.07590008
2025,4,2,92,0.08197519,0.078494504,0.01126126126126126,0.0,280.2425,0.06641579
2025,4,2,92,0.08197519,0.078494504,0.01126126126126126,0.0,280.0589,0.07590008
2025,4,5,95,0.27272728,0.46041673,0.43012553130356385,4.7683716e-07,273.2732,0.05745983
2025,4,5,95,0.27272728,0.46041673,0.43012553130356385,4.7683716e-07,273.0857,0.06577301
2025,4,5,95,0.27272728,0.46041673,0.43012553130356385,4.7683716e-07,273.2732,0.05745983
2025,4,5,95,0.27272728,0.46041673,0.43012553130356385,4.7683716e-07,273.0857,0.06577301
2025,4,7,97,0.49022803,0.3583071,0.5408101498753057,2.0980835e-05,276.016,0.05612564
2025,4,7,97,0.49022803,0.3583071,0.5408101498753057,2.0980835e-05,275.8324,0.06414223
2025,4,7,97,0.49022803,0.3583071,0.5408101498753057,2.6226044e-05,276.016,0.05612564
2025,4,7,97,0.49022803,0.3583071,0.5408101498753057,2.6226044e-05,275.8324,0.06414223
2025,4,11,101,0.22284123,0.19786361,0.2875490545843739,8.4877014e-05,271.37933,0.051033974
2025,4,11,101,0.22284123,0.19786361,0.2875490545843739,8.4877014e-05,271.34027,0.058271408
2025,4,11,101,0.22284123,0.19786361,0.2875490545843739,7.1525574e-05,271.37933,0.051033974
2025,4,11,101,0.22284123,0.19786361,0.2875490545843739,7.1525574e-05,271.34027,0.058271408
2025,4,12,102,0.3637452,0.02310042,0.0,6.1035156e-05,273.031,0.054940224
2025,4,12,102,0.3637452,0.02310042,0.0,6.1035156e-05,272.91382,0.062469482
2025,4,12,102,0.3637452,0.02310042,0.0,6.723404e-05,273.031,0.054940224
2025,4,12,102,0.3637452,0.02310042,0.0,6.723404e-05,272.91382,0.062469482
2025,4,15,105,0.33839732,0.34077635,0.46283100625902746,4.2915344e-06,277.2583,0.03940773
2025,4,15,105,0.33839732,0.34077635,0.46283100625902746,4.2915344e-06,277.04736,0.044472694
2025,4,15,105,0.33839732,0.34077635,0.46283100625902746,1.001358e-05,277.2583,0.03940773
2025,4,15,105,0.33839732,0.34077635,0.46283100625902746,1.001358e-05,277.04736,0.044472694
2025,4,17,107,-0.1605112,0.3767433,0.307243259850987,0.0,285.5426,0.016461372
2025,4,17,107,-0.1605112,0.3767433,0.307243259850987,0.0,285.37073,0.019124031
2025,4,17,107,-0.1605112,0.3767433,0.307243259850987,0.0,285.5426,0.016461372
2025,4,17,107,-0.1605112,0.3767433,0.307243259850987,0.0,285.37073,0.019124031
2025,4,20,110,-0.2906109,0.2523213,0.25494454024823826,0.0,279.00552,0.019097328
2025,4,20,110,-0.2906109,0.2523213,0.25494454024823826,0.0,278.93912,0.021091461
2025,4,20,110,-0.2906109,0.2523213,0.25494454024823826,0.0,279.00552,0.019097328
2025,4,20,110,-0.2906109,0.2523213,0.25494454024823826,0.0,278.93912,0.021091461
2025,4,21,111,-0.2932761,0.33467665,0.3033201462266513,0.0,275.25385,0.020935059
2025,4,21,111,-0.2932761,0.33467665,0.3033201462266513,0.0,275.1601,0.023983955
2025,4,21,111,-0.2932761,0.33467665,0.3033201462266513,0.0,275.25385,0.020935059
2025,4,21,111,-0.2932761,0.33467665,0.3033201462266513,0.0,275.1601,0.023983955
2025,4,24,114,-0.1701357,0.16319928,0.14001623376623376,0.00013160706,276.5174,0.007419586
2025,4,24,114,-0.1701357,0.16319928,0.14001623376623376,0.00013160706,276.4549,0.008741379
2025,4,24,114,-0.1701357,0.16319928,0.14001623376623376,7.6293945e-05,276.5174,0.007419586
2025,4,24,114,-0.1701357,0.16319928,0.14001623376623376,7.6293945e-05,276.4549,0.008741379
2025,4,27,117,-0.16872428,0.1628487,0.15435115309515013,9.536743e-06,277.55334,0.011187553
2025,4,27,117,-0.16872428,0.1628487,0.15435115309515013,9.536743e-06,277.4088,0.013666153
2025,4,27,117,-0.16872428,0.1628487,0.15435115309515013,1.04904175e-05,277.55334,0.011187553
2025,4,27,117,-0.16872428,0.1628487,0.15435115309515013,1.04904175e-05,277.4088,0.013666153
2025,4,29,119,-0.10445429,0.33507374,0.290076184035168,0.0,275.5481,0.0043525696
2025,4,29,119,-0.10445429,0.33507374,0.290076184035168,0.0,275.6067,0.00434494
2025,4,29,119,-0.10445429,0.33507374,0.290076184035168,0.0,275.5481,0.0043525696
2025,4,29,119,-0.10445429,0.33507374,0.290076184035168,0.0,275.6067,0.00434494
2025,11,10,314,0.73333335,0.19341224,0.9109290438965725,0.0,268.48035,0.004265785
2025,11,10,314,0.73333335,0.19341224,0.9109290438965725,0.0,268.3866,0.0042266846
2025,11,10,314,0.73333335,0.19341224,0.9109290438965725,0.0,268.48035,0.004265785
2025,11,10,314,0.73333335,0.19341224,0.9109290438965725,0.0,268.3866,0.0042266846
2026,1,29,29,0.55205417,0.08446708,0.7385082393755421,1.9073486e-06,254.75116,0.10074234
2026,1,29,29,0.55205417,0.08446708,0.7385082393755421,1.9073486e-06,254.82147,0.09659958
2026,1,29,29,0.55205417,0.08446708,0.7385082393755421,2.861023e-06,254.75116,0.10074234
2026,1,29,29,0.55205417,0.08446708,0.7385082393755421,2.861023e-06,254.82147,0.09659958
2026,2,4,35,0.5281239,0.07259163,0.8314587935997858,6.198883e-06,260.60077,0.10304642
2026,2,4,35,0.5281239,0.07259163,0.8314587935997858,6.198883e-06,260.6789,0.10110092
2026,2,4,35,0.5281239,0.07259163,0.8314587935997858,7.6293945e-06,260.60077,0.10304642
2026,2,4,35,0.5281239,0.07259163,0.8314587935997858,7.6293945e-06,260.6789,0.10110092
2026,2,8,39,0.46780282,0.032112435,0.981651376146789,1.9073486e-06,260.80923,0.098612785
2026,2,8,39,0.46780282,0.032112435,0.981651376146789,1.9073486e-06,260.85806,0.09690285
2026,2,8,39,0.46780282,0.032112435,0.981651376146789,2.861023e-06,260.80923,0.098612785
2026,2,8,39,0.46780282,0.032112435,0.981651376146789,2.861023e-06,260.85806,0.09690285
2026,2,11,42,0.66497177,0.0505158,0.9438246325780771,8.106232e-06,254.53441,0.09626961
2026,2,11,42,0.66497177,0.0505158,0.9438246325780771,8.106232e-06,254.74144,0.095911026
2026,2,11,42,0.66497177,0.0505158,0.9438246325780771,9.536743e-06,254.53441,0.09626961
2026,2,11,42,0.66497177,0.0505158,0.9438246325780771,9.536743e-06,254.74144,0.095911026
2026,2,13,44,0.43666506,0.025732547,0.6851710640028469,7.1525574e-06,253.73586,0.09903526
2026,2,13,44,0.43666506,0.025732547,0.6851710640028469,7.1525574e-06,253.83546,0.09847641
2026,2,13,44,0.43666506,0.025732547,0.6851710640028469,7.6293945e-06,253.73586,0.09903526
2026,2,13,44,0.43666506,0.025732547,0.6851710640028469,7.6293945e-06,253.83546,0.09847641
2026,2,14,45,0.40925115,0.00594303,0.0,1.4305115e-06,258.51276,0.09864426
2026,2,14,45,0.40925115,0.00594303,0.0,1.4305115e-06,258.87994,0.098054886
2026,2,14,45,0.40925115,0.00594303,0.0,1.9073486e-06,258.51276,0.09864426
2026,2,14,45,0.40925115,0.00594303,0.0,1.9073486e-06,258.87994,0.098054886
2026,2,19,50,0.49160656,0.062252894,0.804696132596685,1.9073486e-06,262.56244,0.112565994
2026,2,19,50,0.49160656,0.062252894,0.804696132596685,1.9073486e-06,262.5097,0.113051414
2026,2,19,50,0.49160656,0.062252894,0.804696132596685,1.4305115e-06,262.56244,0.112565994
2026,2,19,50,0.49160656,0.062252894,0.804696132596685,1.4305115e-06,262.5097,0.113051414
2026,2,23,54,0.75977814,0.036163956,0.9936622949566015,0.0,258.7768,0.107479095
2026,2,23,54,0.75977814,0.036163956,0.9936622949566015,0.0,258.76312,0.108932495
2026,2,23,54,0.75977814,0.036163956,0.9936622949566015,0.0,258.7768,0.107479095
2026,2,23,54,0.75977814,0.036163956,0.9936622949566015,0.0,258.76312,0.108932495
2026,2,24,55,0.76454484,0.03398925,0.9990231382163653,4.7683716e-07,259.47815,0.10783005
2026,2,24,55,0.76454484,0.03398925,0.9990231382163653,4.7683716e-07,259.57776,0.10941696
2026,2,24,55,0.76454484,0.03398925,0.9990231382163653,0.0,259.47815,0.10783005
2026,2,24,55,0.76454484,0.03398925,0.9990231382163653,0.0,259.57776,0.10941696
2026,3,1,60,0.40833378,0.0150184035,0.2661064425770308,0.0,268.32526,0.121212006
2026,3,1,60,0.40833378,0.0150184035,0.2661064425770308,0.0,268.49518,0.12222099
2026,3,1,60,0.40833378,0.0150184035,0.2661064425770308,0.0,268.32526,0.121212006
2026,3,1,60,0.40833378,0.0150184035,0.2661064425770308,0.0,268.49518,0.12222099
2026,3,5,64,0.45294416,0.038950384,0.7615511551155115,0.0,270.62402,0.13763237
2026,3,5,64,0.45294416,0.038950384,0.7615511551155115,0.0,270.48535,0.13923168
2026,3,5,64,0.45294416,0.038950384,0.7615511551155115,0.0,270.62402,0.13763237
2026,3,5,64,0.45294416,0.038950384,0.7615511551155115,0.0,270.48535,0.13923168
2026,3,6,65,0.47158504,0.009114936,1.0,2.3841858e-06,274.319,0.14109135
2026,3,6,65,0.47158504,0.009114936,1.0,2.3841858e-06,274.15298,0.1421156
2026,3,6,65,0.47158504,0.009114936,1.0,2.3841858e-06,274.319,0.14109135
2026,3,6,65,0.47158504,0.009114936,1.0,2.3841858e-06,274.15298,0.1421156
2026,3,7,66,0.39886433,0.016574472,0.08831341301460824,0.0,274.41052,0.14441681
2026,3,7,66,0.39886433,0.016574472,0.08831341301460824,0.0,274.0824,0.145195
2026,3,7,66,0.39886433,0.016574472,0.08831341301460824,0.0,274.41052,0.14441681
2026,3,7,66,0.39886433,0.016574472,0.08831341301460824,0.0,274.0824,0.145195
2026,3,10,69,0.8479666,0.050624967,0.9945246107340444,0.0,276.1065,0.15203476
2026,3,10,69,0.8479666,0.050624967,0.9945246107340444,0.0,275.93268,0.15211773
2026,3,10,69,0.8479666,0.050624967,0.9945246107340444,0.0,276.1065,0.15203476
2026,3,10,69,0.8479666,0.050624967,0.9945246107340444,0.0,275.93268,0.15211773
2026,3,23,82,0.37818176,0.5386902,0.48109564951448885,0.0,278.03107,0.12655163
2026,3,23,82,0.37818176,0.5386902,0.48109564951448885,0.0,277.91388,0.10677242
2026,3,23,82,0.37818176,0.5386902,0.48109564951448885,0.0,278.03107,0.12655163
2026,3,23,82,0.37818176,0.5386902,0.48109564951448885,0.0,277.91388,0.10677242
2026,3,27,86,0.44743502,0.1294115,0.5501899077590885,1.9073486e-05,276.18744,0.12277508
2026,3,27,86,0.44743502,0.1294115,0.5501899077590885,1.9073486e-05,276.05072,0.09444618
2026,3,27,86,0.44743502,0.1294115,0.5501899077590885,2.9087067e-05,276.18744,0.12277508
2026,3,27,86,0.44743502,0.1294115,0.5501899077590885,2.9087067e-05,276.05072,0.09444618
2026,4,2,92,0.3950724,0.019490272,0.19230769230769232,0.0,277.83505,0.12207413
2026,4,2,92,0.3950724,0.019490272,0.19230769230769232,0.0,277.74716,0.08351803
2026,4,2,92,0.3950724,0.019490272,0.19230769230769232,0.0,277.83505,0.12207413
2026,4,2,92,0.3950724,0.019490272,0.19230769230769232,0.0,277.74716,0.08351803
2026,4,4,94,0.020024953,0.5252658,0.4029625802006631,0.0,278.50378,0.12630653
2026,4,4,94,0.020024953,0.5252658,0.4029625802006631,0.0,278.4823,0.08262062
2026,4,4,94,0.020024953,0.5252658,0.4029625802006631,0.0,278.50378,0.12630653
2026,4,4,94,0.020024953,0.5252658,0.4029625802006631,0.0,278.4823,0.08262062
2026,4,5,95,0.2180053,0.16455752,0.10396270396270396,0.00018596649,277.0949,0.12740707
2026,4,5,95,0.2180053,0.16455752,0.10396270396270396,0.00018596649,277.11444,0.08123398
2026,4,5,95,0.2180053,0.16455752,0.10396270396270396,0.00015354156,277.0949,0.12740707
2026,4,5,95,0.2180053,0.16455752,0.10396270396270396,0.00015354156,277.11444,0.08123398
2026,4,9,99,0.15629323,0.24927764,0.26620636747219023,0.0,276.32172,0.122133255
2026,4,9,99,0.15629323,0.24927764,0.26620636747219023,0.0,276.82562,0.07064152
2026,4,9,99,0.15629323,0.24927764,0.26620636747219023,0.0,276.32172,0.122133255
2026,4,9,99,0.15629323,0.24927764,0.26620636747219023,0.0,276.82562,0.07064152
2026,4,10,100,-0.22376606,0.31460148,0.29537911414911694,0.0,278.8855,0.11806011
2026,4,10,100,-0.22376606,0.31460148,0.29537911414911694,0.0,279.59644,0.066054344
2026,4,10,100,-0.22376606,0.31460148,0.29537911414911694,0.0,278.8855,0.11806011
2026,4,10,100,-0.22376606,0.31460148,0.29537911414911694,0.0,279.59644,0.066054344
2026,4,12,102,-0.25568905,0.30743113,0.2863074509203628,0.0,283.60553,0.10885906
2026,4,12,102,-0.25568905,0.30743113,0.2863074509203628,0.0,284.50983,0.059960365
2026,4,12,102,-0.25568905,0.30743113,0.2863074509203628,0.0,283.60553,0.10885906
2026,4,12,102,-0.25568905,0.30743113,0.2863074509203628,0.0,284.50983,0.059960365
2026,4,14,104,-0.30716008,0.3045561,0.2605279758377459,0.0,283.6466,0.09388161
2026,4,14,104,-0.30716008,0.3045561,0.2605279758377459,0.0,284.49817,0.051750183
2026,4,14,104,-0.30716008,0.3045561,0.2605279758377459,0.0,283.6466,0.09388161
2026,4,14,104,-0.30716008,0.3045561,0.2605279758377459,0.0,284.49817,0.051750183
2026,4,15,105,-0.35454887,0.17577504,0.08526183603242168,0.0,285.2104,0.08061314
2026,4,15,105,-0.35454887,0.17577504,0.08526183603242168,0.0,285.81586,0.04497242
2026,4,15,105,-0.35454887,0.17577504,0.08526183603242168,0.0,285.2104,0.08061314
2026,4,15,105,-0.35454887,0.17577504,0.08526183603242168,0.0,285.81586,0.04497242
2026,4,16,106,-0.3497076,0.26470327,0.23378348672955435,0.0,282.12512,0.056625366
2026,4,16,106,-0.3497076,0.26470327,0.23378348672955435,0.0,282.75012,0.030371666
2026,4,16,106,-0.3497076,0.26470327,0.23378348672955435,0.0,282.12512,0.056625366
2026,4,16,106,-0.3497076,0.26470327,0.23378348672955435,0.0,282.75012,0.030371666
2026,4,17,107,-0.34133834,0.16458762,0.08398210797497381,0.0,280.12372,0.032616615
2026,4,17,107,-0.34133834,0.16458762,0.08398210797497381,0.0,280.76044,0.01630783
2026,4,17,107,-0.34133834,0.16458762,0.08398210797497381,0.0,280.12372,0.032616615
2026,4,17,107,-0.34133834,0.16458762,0.08398210797497381,0.0,280.76044,0.01630783
2026,4,19,109,-0.365084,0.240221,0.234220888447129,0.0,281.88058,0.0063323975
2026,4,19,109,-0.365084,0.240221,0.234220888447129,0.0,282.17746,0.0031661987
2026,4,19,109,-0.365084,0.240221,0.234220888447129,0.0,281.88058,0.0063323975
2026,4,19,109,-0.365084,0.240221,0.234220888447129,0.0,282.17746,0.0031661987
2026,4,20,110,-0.36842105,0.24648647,0.23775789212030823,0.0,284.74243,0.0
2026,4,20,110,-0.36842105,0.24648647,0.23775789212030823,0.0,284.89478,0.0
2026,4,20,110,-0.36842105,0.24648647,0.23775789212030823,0.0,284.74243,0.0
2026,4,20,110,-0.36842105,0.24648647,0.23775789212030823,0.0,284.89478,0.0
2026,4,22,112,0.1967584,0.14453255,0.21256580650729265,4.4822693e-05,276.54968,0.0
2026,4,22,112,0.1967584,0.14453255,0.21256580650729265,4.4822693e-05,276.41882,0.0
2026,4,22,112,0.1967584,0.14453255,0.21256580650729265,3.9100647e-05,276.54968,0.0
2026,4,22,112,0.1967584,0.14453255,0.21256580650729265,3.9100647e-05,276.41882,0.0
2026,4,24,114,0.19533765,0.026686981,0.0,8.4877014e-05,277.37964,6.67572e-05
2026,4,24,114,0.19533765,0.026686981,0.0,8.4877014e-05,277.4109,6.580353e-05
2026,4,24,114,0.19533765,0.026686981,0.0,5.2452087e-05,277.37964,6.67572e-05
2026,4,24,114,0.19533765,0.026686981,0.0,5.2452087e-05,277.4109,6.580353e-05
2026,4,25,115,-0.0015098138,0.4266009,0.2965344545089189,4.6253204e-05,276.9249,0.0
2026,4,25,115,-0.0015098138,0.4266009,0.2965344545089189,4.6253204e-05,276.796,0.0
2026,4,25,115,-0.0015098138,0.4266009,0.2965344545089189,3.9100647e-05,276.9249,0.0
2026,4,25,115,-0.0015098138,0.4266009,0.2965344545089189,3.9100647e-05,276.796,0.0
2026,4,26,116,-0.47262913,0.2076365,0.1589868578255675,1.9073486e-06,278.90717,0.0
2026,4,26,116,-0.47262913,0.2076365,0.1589868578255675,1.9073486e-06,278.9345,0.0
2026,4,26,116,-0.47262913,0.2076365,0.1589868578255675,2.861023e-06,278.90717,0.0
2026,4,26,116,-0.47262913,0.2076365,0.1589868578255675,2.861023e-06,278.9345,0.0
2026,4,27,117,-0.1692682,0.17668936,0.015907818622877403,5.00679e-05,278.19626,0.0
2026,4,27,117,-0.1692682,0.17668936,0.015907818622877403,5.00679e-05,278.24313,0.0
2026,4,27,117,-0.1692682,0.17668936,0.015907818622877403,7.2956085e-05,278.19626,0.0
2026,4,27,117,-0.1692682,0.17668936,0.015907818622877403,7.2956085e-05,278.24313,0.0
2026,4,29,119,-0.38494167,0.13310966,0.005766713750696541,0.0,279.11856,0.0
2026,4,29,119,-0.38494167,0.13310966,0.005766713750696541,0.0,279.017,0.0
2026,4,29,119,-0.38494167,0.13310966,0.005766713750696541,0.0,279.11856,0.0
2026,4,29,119,-0.38494167,0.13310966,0.005766713750696541,0.0,279.017,0.0
